case_id,query_mode,query_id,query_product_id,category_l2,query_text,candidate_product_id,original_rank,similarity_score,relevance_grade,query_source_title,candidate_title,query_attributes,candidate_attributes,query_image_path,candidate_image_path,primary_cause,secondary_causes,rule_fixability,evidence
BC01,text,test_618070906394,618070906394,耳机,适合运动的无线蓝牙入耳式耳机,556245210015,1,0.360863,0,正品漫威联名无线蓝牙耳机双耳运动入耳隐形超长续航适用于苹果VIVO小米OPPO华为安卓通用钢铁侠复仇者联盟,忆动2米台式电脑语音K歌吃鸡运动入耳式耳机带麦重低音直播耳塞,"{""品牌"":[""古曼""],""颜色分类"":[""【钢铁侠】LED数显电量❤240小时超长待机."",""【收藏加购】享优先发货❤30天免费试用"",""【美国队长】LED数显电量❤240小时超长待机."",""【蜘蛛侠】LED数显电量❤240小时超长待机""],""佩戴方式"":[""入耳式""],""型号"":[""数显""],""蓝牙版本"":[""5..0""],""材质"":[""金属""],""保修期"":[""12个月""],""待机时间"":[""10天""],""套餐类型"":[""官方标配""],""生产企业"":[""深圳市慕凝科技有限公司""],""耳机与播放设备连接方式"":[""蓝牙连接""]}","{""耳机与播放设备连接方式"":[""有线连接""],""耳机发声原理"":[""动圈""],""耳机类别"":[""游戏耳机"",""手机线控耳机""],""颜色分类"":[""2米红色电脑语音(耳+转)"",""1.2米红色带麦手机通用"",""1.2米枪色带麦手机通用"",""2米红色带麦线控手机通用""],""线长"":[""2米""],""耳机插头类型"":[""直插""],""兼容平台"":[""ANDROID"",""WindowsMobile"",""iOS""],""售后服务"":[""店铺三包""],""耳机左右腔体间连接方式"":[""有线连接""],""是否线控"":[""是""],""频响范围"":[""20-20000Hz""],""佩戴方式"":[""入耳式""],""是否有麦克风"":[""有""],""插头直径"":[""3.5mm""],""适用音乐类型"":[""摇滚金属重低音类型""],""型号"":[""E01-2""],""品牌"":[""EARDO/忆动""],""灵敏度"":[""100dB/mW""],""耳机输出音源"":[""PC电脑""],""阻抗"":[""16Ω""],""是否无线"":[""有线""],""套餐类型"":[""官方标配""]}",data/images/week1_v3/618070906394.webp,data/images/week1_v3/556245210015.webp,ranking_rule_insufficient,cross_modal_alignment_insufficient,likely_if_relevant_candidate_in_top20,查询要求无线蓝牙入耳式，候选属性明确为有线；文本属性冲突可由规则降权。
BC02,text,test_556245210015,556245210015,耳机,带麦克风和线控的2米有线入耳式耳机,571435208828,2,0.328147,0,忆动2米台式电脑语音K歌吃鸡运动入耳式耳机带麦重低音直播耳塞,gh原装入耳式有线耳机适用OPPOA11Reno4A92s8Ace2K5FindX2A52通用,"{""耳机与播放设备连接方式"":[""有线连接""],""耳机发声原理"":[""动圈""],""耳机类别"":[""游戏耳机"",""手机线控耳机""],""颜色分类"":[""2米红色电脑语音(耳+转)"",""1.2米红色带麦手机通用"",""1.2米枪色带麦手机通用"",""2米红色带麦线控手机通用""],""线长"":[""2米""],""耳机插头类型"":[""直插""],""兼容平台"":[""ANDROID"",""WindowsMobile"",""iOS""],""售后服务"":[""店铺三包""],""耳机左右腔体间连接方式"":[""有线连接""],""是否线控"":[""是""],""频响范围"":[""20-20000Hz""],""佩戴方式"":[""入耳式""],""是否有麦克风"":[""有""],""插头直径"":[""3.5mm""],""适用音乐类型"":[""摇滚金属重低音类型""],""型号"":[""E01-2""],""品牌"":[""EARDO/忆动""],""灵敏度"":[""100dB/mW""],""耳机输出音源"":[""PC电脑""],""阻抗"":[""16Ω""],""是否无线"":[""有线""],""套餐类型"":[""官方标配""]}","{""品牌"":[""gh""],""颜色分类"":[""【镶金边】白色"",""【镶金边】黑色""],""兼容平台"":[""ANDROID"",""iOS"",""WindowsMobile""],""省份"":[""广东省""],""套餐类型"":[""官方标配""],""是否线控"":[""是""],""型号"":[""OPPO""],""产地"":[""中国大陆""],""上市时间"":[""2018-06-10""],""是否原装"":[""品牌非原装""],""生产企业"":[""广州冠贺电子科技有限公司""],""地市"":[""广州市""],""保修期"":[""12个月""],""佩戴方式"":[""入耳式""]}",data/images/week1_v3/556245210015.webp,data/images/week1_v3/571435208828.webp,ranking_rule_insufficient,cross_modal_alignment_insufficient,likely_if_relevant_candidate_in_top20,候选虽为入耳式，但缺少2米线长和带麦克风等主要约束；细粒度属性未进入原始排序。
BC03,text,test_621360527079,621360527079,耳机,3米线长有线入耳式监听耳机,556245210015,2,0.316261,0,直播加长3米跳舞入耳式监听主播耳机带麦手机电脑声卡线长三米,忆动2米台式电脑语音K歌吃鸡运动入耳式耳机带麦重低音直播耳塞,"{""型号"":[""3米主播耳机""],""颜色分类"":[""3米 带麦 黑色+配件+收纳盒"",""1.5米 带麦 黑色"",""1.5米 带麦 黑色+配件+收纳盒"",""3米 带麦 白色+配件+收纳盒"",""3米 不带麦 黑色"",""3米 带麦 黑色"",""1.5米 带麦 红色"",""3米 带麦 红色+配件+收纳盒"",""1.5米 带麦 红色+配件+收纳盒"",""3米 不带麦 白色+配件+收纳盒"",""1.5米 带麦 白色+配件+收纳盒"",""1.5米 带麦 白色"",""3米 不带麦 红色"",""3米 不带麦 黑色+配件+收纳盒"",""3米 带麦 白色"",""3米 不带麦 白色"",""3米 不带麦 红色+配件+收纳盒"",""3米 带麦 红色""],""兼容平台"":[""ANDROID"",""iOS""],""套餐类型"":[""官方标配""],""线长"":[""3米""],""佩戴方式"":[""耳塞式""],""品牌"":[""other/其他""],""耳机类别"":[""监听耳机""],""耳机发声原理"":[""动圈""],""是否无线"":[""有线""],""适用音乐类型"":[""通用""],""是否线控"":[""是""],""耳机输出音源"":[""通讯设备""],""插头直径"":[""3.5mm""],""灵敏度"":[""30dB/mW""],""售后服务"":[""店铺三包""]}","{""耳机与播放设备连接方式"":[""有线连接""],""耳机发声原理"":[""动圈""],""耳机类别"":[""游戏耳机"",""手机线控耳机""],""颜色分类"":[""2米红色电脑语音(耳+转)"",""1.2米红色带麦手机通用"",""1.2米枪色带麦手机通用"",""2米红色带麦线控手机通用""],""线长"":[""2米""],""耳机插头类型"":[""直插""],""兼容平台"":[""ANDROID"",""WindowsMobile"",""iOS""],""售后服务"":[""店铺三包""],""耳机左右腔体间连接方式"":[""有线连接""],""是否线控"":[""是""],""频响范围"":[""20-20000Hz""],""佩戴方式"":[""入耳式""],""是否有麦克风"":[""有""],""插头直径"":[""3.5mm""],""适用音乐类型"":[""摇滚金属重低音类型""],""型号"":[""E01-2""],""品牌"":[""EARDO/忆动""],""灵敏度"":[""100dB/mW""],""耳机输出音源"":[""PC电脑""],""阻抗"":[""16Ω""],""是否无线"":[""有线""],""套餐类型"":[""官方标配""]}",data/images/week1_v3/621360527079.webp,data/images/week1_v3/556245210015.webp,ranking_rule_insufficient,,likely_if_relevant_candidate_in_top20,查询明确3米监听耳机，候选为2米游戏/线控耳机；数字和用途约束可解释降权。
BC04,image,test_556245210015,556245210015,耳机,带麦克风和线控的2米有线入耳式耳机,588442419126,1,0.361871,0,忆动2米台式电脑语音K歌吃鸡运动入耳式耳机带麦重低音直播耳塞,DACOM Athlete+洗澡运动蓝牙耳机骑行重低大音量跑步音乐听歌耳塞,"{""耳机与播放设备连接方式"":[""有线连接""],""耳机发声原理"":[""动圈""],""耳机类别"":[""游戏耳机"",""手机线控耳机""],""颜色分类"":[""2米红色电脑语音(耳+转)"",""1.2米红色带麦手机通用"",""1.2米枪色带麦手机通用"",""2米红色带麦线控手机通用""],""线长"":[""2米""],""耳机插头类型"":[""直插""],""兼容平台"":[""ANDROID"",""WindowsMobile"",""iOS""],""售后服务"":[""店铺三包""],""耳机左右腔体间连接方式"":[""有线连接""],""是否线控"":[""是""],""频响范围"":[""20-20000Hz""],""佩戴方式"":[""入耳式""],""是否有麦克风"":[""有""],""插头直径"":[""3.5mm""],""适用音乐类型"":[""摇滚金属重低音类型""],""型号"":[""E01-2""],""品牌"":[""EARDO/忆动""],""灵敏度"":[""100dB/mW""],""耳机输出音源"":[""PC电脑""],""阻抗"":[""16Ω""],""是否无线"":[""有线""],""套餐类型"":[""官方标配""]}","{""传输半径"":[""10m""],""售后服务"":[""店铺三包""],""佩戴方式"":[""挂耳式""],""待机时间"":[""10天""],""省份"":[""广东省""],""品牌"":[""DACOM""],""耳机左右腔体间连接方式"":[""有线连接""],""智能类型"":[""不支持智能""],""蓝牙版本"":[""5.0""],""产地"":[""中国大陆""],""地市"":[""深圳市""],""声道"":[""2""],""功能"":[""支持音乐""],""套餐类型"":[""官方标配""],""型号"":[""Athlete+""],""耳机与播放设备连接方式"":[""蓝牙连接""],""颜色分类"":[""官方标配【黑色】"",""官方标配【红色】""],""防尘性能"":[""IP5X""],""上市时间"":[""2018-10-16""],""耳机类别"":[""真无线耳机""],""防水性能"":[""IPX7""],""是否单双耳"":[""双边立体声""]}",data/images/week1_v3/556245210015.webp,data/images/week1_v3/588442419126.webp,appearance_homogeneity,cross_modal_alignment_insufficient,not_fixable_without_image_signals,两者均呈现耳机主体，视觉外形相近，但查询商品为有线入耳式，候选为蓝牙挂耳式；正式图片查询没有属性信号。
BC05,image,test_600268397959,600268397959,耳机,蓝牙挂脖式磁吸运动耳机,599810070143,1,0.327522,0,羽博无线蓝牙5.0耳机挂脖式双耳磁吸苹果安卓通用运动耳麦耳机,美国Qbuds乔耳小方盒蓝牙无线耳机双耳运动适用苹果小米半入耳,"{""颜色分类"":[""流光银"",""炫动蓝"",""香槟金"",""翡翠绿""],""套餐类型"":[""官方标配""],""蓝牙版本"":[""5.0""],""耳机左右腔体间连接方式"":[""有线连接""],""耳机类别"":[""智能耳机""],""省份"":[""广东省""],""材质"":[""金属""],""上市时间"":[""2019-06-15""],""功能"":[""支持音乐""],""生产企业"":[""深圳市锐讯天成科技有限公司""],""佩戴方式"":[""耳塞式""],""保修期"":[""12个月""],""耳机与播放设备连接方式"":[""蓝牙连接""],""型号"":[""YB-503""],""品牌"":[""Yoobao/羽博""],""地市"":[""深圳市""],""产地"":[""中国大陆""]}","{""功能"":[""通话功能""],""型号"":[""小方盒""],""传输半径"":[""10m""],""颜色分类"":[""白色"",""粉红色"",""黑色""],""品牌"":[""Qbuds""],""防水性能"":[""IPX5""],""智能类型"":[""其他智能""],""耳机类别"":[""真无线耳机""],""声道"":[""2""],""佩戴方式"":[""入耳式""],""蓝牙版本"":[""5.0""],""是否单双耳"":[""双边立体声""],""产地"":[""中国大陆""],""套餐类型"":[""官方标配""],""耳机与播放设备连接方式"":[""蓝牙连接""]}",data/images/week1_v3/600268397959.webp,data/images/week1_v3/599810070143.webp,cross_modal_alignment_insufficient,appearance_homogeneity,not_fixable_without_image_signals,查询图是挂脖磁吸耳机，候选图是充电盒式真无线耳机，形态差异明显但文本候选仍排第一，说明细粒度图文形态没有对齐。
BC06,text,test_618733106466,618733106466,键盘,带RGB灯效和手托的有线机械键盘,621593735132,1,0.37566,0,正品RKS108真机械键盘女生吃鸡游戏网红RGB复古蒸汽朋克笔雷蛇级,雷蛇技术正品新盟牧马人真机械键盘鼠标套装青轴黑轴吃鸡lol外设,"{""颜色分类"":[""黑色RGB青轴-电镀朋克版"",""黑色RGB茶轴-电镀朋克版"",""白色冰蓝青轴-电镀朋克版"",""白色冰蓝黑轴-电镀朋克版"",""白色RGB黑轴-电镀朋克版"",""白色RGB青轴-电镀朋克版"",""黑色炫黄青轴-电镀朋克版"",""黑色RGB黑轴-电镀朋克版"",""黑色炫黄黑轴-电镀朋克版"",""黑色RGB红轴-电镀朋克版""],""售后服务"":[""全国联保""],""成色"":[""全新""],""是否有多媒体功能键"":[""有""],""接口类型"":[""USB""],""套餐类型"":[""官方标配""],""品牌"":[""RK""],""是否无线"":[""有线""],""型号"":[""S108""],""是否机械键盘"":[""是""],""有无手托"":[""有""],""是否支持人体工程学"":[""支持""]}","{""颜色分类"":[""旗舰升级版-金属灰黑轴-混光"",""旗舰升级版-金属灰青轴-混光322"",""旗舰升级版-金属灰青轴-白光322"",""旗舰升级版-金属灰青轴-冰蓝光"",""旗舰升级版-金属灰青轴-混光"",""旗舰升级版-金属灰青轴-白光"",""旗舰升级版-金属灰黑轴-混光无旋"",""旗舰升级版-银白色青轴-混光"",""旗舰升级版-金属灰黑轴-混光322"",""旗舰升级版-银白色青轴-冰蓝光32"",""旗舰升级版-金属灰青轴-冰蓝光32"",""旗舰升级版-银白色青轴-冰蓝光"",""旗舰升级版-银白色黑轴-混光"",""旗舰升级版-银白色青轴-混光322"",""旗舰升级版-金属灰黑轴-白光322"",""旗舰升级版-金属灰黑轴-白光""],""是否支持人体工程学"":[""支持""],""是否机械键盘"":[""是""],""套餐类型"":[""官方标配""],""毛重"":[""1kg""],""成色"":[""全新""],""上市时间"":[""2019-04-13""],""售后服务"":[""全国联保""],""是否有多媒体功能键"":[""有""],""是否无线"":[""有线""],""品牌"":[""Technology/新盟""],""型号"":[""X9-VR版""],""接口类型"":[""USB""],""有无手托"":[""无""]}",data/images/week1_v3/618733106466.webp,data/images/week1_v3/621593735132.webp,ranking_rule_insufficient,,likely_if_relevant_candidate_in_top20,查询要求RGB灯效和手托，候选标题只稳定支持机械键盘/鼠标套装，关键功能匹配不足。
BC07,text,test_623002122394,623002122394,键盘,兼顾办公和游戏的有线机械键盘,15246761632,3,0.349622,0,樱桃CHERRY MX 3.0S电竞办公 RGB游戏机械键盘黑轴青轴茶轴红轴,双飞燕 X7-G800V QQ炫舞游戏专业键盘有线USB劲舞团打P吃鸡宏编程,"{""套餐类型"":[""套餐一""],""颜色分类"":[""无光-黑色青轴"",""无光-白色红轴"",""RGB-白色茶轴"",""RGB-白色青轴"",""无光-黑色茶轴"",""无光-白色茶轴"",""108键彩色PBT键帽"",""无光-白色黑轴"",""无光-黑色黑轴"",""RGB-白色黑轴"",""无光-黑色红轴"",""无光-白色青轴"",""RGB-白色红轴""],""成色"":[""全新""],""型号"":[""3.0S""],""售后服务"":[""全国联保""],""是否有多媒体功能键"":[""有""],""有无手托"":[""无""],""是否无线"":[""有线""],""品牌"":[""CHERRY""],""是否机械键盘"":[""是""],""接口类型"":[""USB""],""是否支持人体工程学"":[""不支持""]}","{""接口类型"":[""USB""],""是否无线"":[""有线""],""包装体积"":[""530*260*35""],""颜色分类"":[""黑色""],""是否支持人体工程学"":[""支持""],""售后服务"":[""全国联保""],""有无手托"":[""有""],""是否有多媒体功能键"":[""有""],""双飞燕型号"":[""G800V""],""品牌"":[""双飞燕""],""套餐类型"":[""官方标配""],""是否机械键盘"":[""否""],""保修期"":[""12个月""],""毛重"":[""1000g""],""成色"":[""全新""]}",data/images/week1_v3/623002122394.webp,data/images/week1_v3/15246761632.webp,ranking_rule_insufficient,,likely_if_relevant_candidate_in_top20,查询要求兼顾办公和游戏的机械键盘，候选为普通有线游戏键盘，机械属性不足。
BC08,image,test_618733106466,618733106466,键盘,带RGB灯效和手托的有线机械键盘,559685535453,1,0.376459,0,正品RKS108真机械键盘女生吃鸡游戏网红RGB复古蒸汽朋克笔雷蛇级,黑轴有线游戏机械键盘台式电脑usb背光发光办公用金属跑马灯防水,"{""颜色分类"":[""黑色RGB青轴-电镀朋克版"",""黑色RGB茶轴-电镀朋克版"",""白色冰蓝青轴-电镀朋克版"",""白色冰蓝黑轴-电镀朋克版"",""白色RGB黑轴-电镀朋克版"",""白色RGB青轴-电镀朋克版"",""黑色炫黄青轴-电镀朋克版"",""黑色RGB黑轴-电镀朋克版"",""黑色炫黄黑轴-电镀朋克版"",""黑色RGB红轴-电镀朋克版""],""售后服务"":[""全国联保""],""成色"":[""全新""],""是否有多媒体功能键"":[""有""],""接口类型"":[""USB""],""套餐类型"":[""官方标配""],""品牌"":[""RK""],""是否无线"":[""有线""],""型号"":[""S108""],""是否机械键盘"":[""是""],""有无手托"":[""有""],""是否支持人体工程学"":[""支持""]}","{""是否机械键盘"":[""是""],""颜色分类"":[""黑轴 黑色机械键盘+黑 游戏鼠标"",""黑轴 黑色机械键盘"",""黑轴 黑色机械键盘+黑 X9鼠标"",""黑轴 黑色机械键盘+黑 鬼爪鼠标"",""黑轴 黑色机械键盘+白 X9鼠标"",""黑轴 黑色机械键盘+白 游戏鼠标"",""黑轴 黑色机械键盘+黑 机械鼠标"",""黑轴 黑色机械键盘+白 鬼爪鼠标"",""黑轴 黑色机械键盘+银 机械鼠标""],""套餐类型"":[""官方标配""],""品牌"":[""翼蛇""],""毛重"":[""1.50""],""售后服务"":[""全国联保""],""型号"":[""K6""],""是否支持即插即用"":[""支持""],""是否支持人体工程学"":[""支持""],""包装体积"":[""1""],""成色"":[""全新""],""是否无线"":[""有线""],""接口类型"":[""USB""],""是否有多媒体功能键"":[""有""],""有无手托"":[""无""]}",data/images/week1_v3/618733106466.webp,data/images/week1_v3/559685535453.webp,appearance_homogeneity,,not_fixable_without_image_signals,均为深色机械键盘主体，候选黑轴键盘与查询RGB/手托细节不一致，图像全局特征更关注共同轮廓。
BC09,image,test_537371573076,537371573076,键盘,有线办公键盘,569951991675,2,0.326929,0,海志有线键盘笔记本台式电脑家用办公游戏商务外接键盘USB接口,Rii i8迷你无线小键盘 家用USB充电键鼠电视机顶盒HTPC笔记本电脑,"{""毛重"":[""447g""],""品牌"":[""HIZ/海志""],""是否有多媒体功能键"":[""无""],""成色"":[""全新""],""是否机械键盘"":[""否""],""售后服务"":[""店铺三包""],""接口类型"":[""USB""],""套餐类型"":[""套餐一""],""型号"":[""KB101""],""颜色分类"":[""黑色+垫"",""黑色""],""有无手托"":[""无""],""是否支持人体工程学"":[""支持""],""是否无线"":[""有线""]}","{""售后服务"":[""全国联保""],""是否机械键盘"":[""否""],""品牌"":[""Rii""],""套餐类型"":[""官方标配""],""毛重"":[""200g""],""有无手托"":[""无""],""是否有多媒体功能键"":[""有""],""型号"":[""I8""],""颜色分类"":[""白色-2.4G"",""黑色-2.4G""],""成色"":[""全新""],""包装体积"":[""14.7*9.7*1.9""],""是否支持人体工程学"":[""支持""],""是否无线"":[""无线""],""接口类型"":[""蓝牙"",""USB""]}",data/images/week1_v3/537371573076.webp,data/images/week1_v3/569951991675.webp,cross_modal_alignment_insufficient,appearance_homogeneity,not_fixable_without_image_signals,查询是有线办公键盘，候选是无线迷你小键盘；文本商品语义与查询图片的连接方式/尺寸没有对齐。
BC10,image,test_615882518927,615882518927,键盘,带多媒体功能键的有线机械键盘,543556617866,2,0.370609,0,官方正品黑爵AK35i游戏机械键盘黑轴青轴红轴茶轴宏竞技可爱女生,卡通可爱女生少女心套装鼠标键盘USB有线电脑台式笔记本家用粉色,"{""颜色分类"":[""白粉青轴-白光-配手托"",""红轴粉白-PBT(白光)"",""白蓝茶轴-白光-配手托"",""黑轴白蓝-PBT白光手托-送粉白键"",""茶轴白蓝-RGB光-配粉白键帽"",""茶轴白蓝-PBT白光手托-送粉白键"",""茶轴白蓝-PBT(白光)"",""青轴白粉-PBT(白光)"",""青轴蓝白-PBT(白光)"",""黑轴白蓝-PBT(白光)"",""青轴白粉-PBT白光手托-送蓝白键"",""红轴白粉-PBT(白光)"",""黑轴白蓝-PBT(白光)-送粉白键帽"",""白粉红轴-白光-配手托"",""茶轴白蓝-PBT(白光)-送粉白键帽"",""茶轴黑色-ABS(白光)"",""青轴白粉-PBT(白光)-送蓝白键帽"",""白蓝黑轴-白光-配手托"",""红轴白粉-PBT白光手托-送蓝白键"",""红轴黑色-ABS(白光)"",""青轴粉白-PBT(白光)"",""红轴白粉-PBT(白光)-送蓝白键帽"",""红轴白粉-RGB光-配蓝白键帽"",""茶轴蓝白-PBT(白光)""],""是否有多媒体功能键"":[""有""],""接口类型"":[""USB""],""型号"":[""AK35Ip""],""是否机械键盘"":[""是""],""是否无线"":[""有线""],""是否支持人体工程学"":[""支持""],""套餐类型"":[""官方标配""],""售后服务"":[""全国联保""],""成色"":[""全新""],""有无手托"":[""无""],""品牌"":[""Ajazz/黑爵""]}","{""颜色分类"":[""猫爪全粉键盘加100有线粉色鼠标"",""黑粉键盘加无线白色充电鼠标"",""黑粉键盘加100有线黑色鼠标"",""猫爪全粉键盘加有线033粉色鼠标"",""紫色有线键盘+033有线鼠标"",""紫色有线单键盘"",""猫爪全粉键盘加无线粉色充电鼠标"",""猫爪全粉键盘加无线白色充电鼠标"",""猫爪全粉键盘加无线粉色小鼠标"",""黑粉键盘加无线黑色充电鼠标"",""黑粉键盘加有线033粉色鼠标"",""黑粉键盘加无线黑色鼠标"",""黑粉键盘加无线粉色小鼠标"",""黑粉有线单键盘"",""黑粉键盘加无线粉色充电鼠标"",""紫色有线键盘+033无线鼠标"",""猫爪全粉单有线键盘""],""是否有多媒体功能键"":[""无""],""是否无线"":[""有线""],""售后服务"":[""店铺三包""],""型号"":[""kt-201""],""套餐类型"":[""官方标配""],""接口类型"":[""USB""],""是否机械键盘"":[""否""],""有无手托"":[""无""],""毛重"":[""0.5""],""是否支持人体工程学"":[""支持""],""成色"":[""全新""],""品牌"":[""Hello Kitty""],""包装体积"":[""45*18*4""]}",data/images/week1_v3/615882518927.webp,data/images/week1_v3/543556617866.webp,appearance_homogeneity,,not_fixable_without_image_signals,两者都包含键盘外观，候选偏卡通键鼠套装且缺少机械/多媒体约束；无图片侧属性解析时无法规则纠正。
BC11,text,test_616260230702,616260230702,鼠标,无线静音游戏鼠标,617299493337,1,0.367709,0,牧马人蓝牙无线鼠标游戏专用静音无声可充电式电竞吃鸡cf男女生可爱办公家用电脑笔记本网红发光无限机械鼠标,。我要买机械鼠标通用Usb插口的玩穿越火线程序员网吧无声发光的,"{""保修期"":[""12个月""],""成色"":[""全新""],""工作方式"":[""光电""],""颜色分类"":[""镜面银发光版(充电*静音)+鼠标垫"",""镜面黑无光版(电池*静音)"",""镜面白发光版(无线蓝牙三模)"",""光面白无光版(充电*静音)"",""磨砂黑发光版(无线蓝牙三模)"",""镜面银发光版(充电*静音)"",""磨砂灰发光版(充电*静音)"",""磨砂黑发光版(充电*静音)"",""镜面银无光版(充电*静音)"",""磨砂黑发光版(无线蓝牙三模)+鼠标垫"",""少女粉无光版(充电*静音)"",""少女粉发光版(充电*静音)+鼠标垫"",""磨砂灰无光版(充电*静音)"",""镜面白发光版(无线蓝牙三模)+鼠标垫"",""磨砂灰发光版(充电*静音)+鼠标垫"",""少女粉发光版(充电*静音)"",""光面白发光版(充电*静音)+鼠标垫"",""磨砂黑发光版(充电*静音)+鼠标垫"",""光面白发光版(充电*静音)"",""镜面白无光版(电池*静音)"",""少女粉无光版(电池*静音)"",""磨砂黑无光版(充电*静音)""],""毛重"":[""80""],""品牌"":[""狼途(数码)""],""售后服务"":[""店铺三包""],""型号"":[""M1""],""是否支持人体工程学"":[""支持""],""滚轮数"":[""1个""],""套餐类型"":[""官方标配""],""光学分辨率"":[""1600dpi""],""无线距离"":[""10m""],""电源方式"":[""自带充电""],""无线技术"":[""2.4GHz""],""是否盒装正品"":[""是""],""生产企业"":[""狼途""],""按键数"":[""4个""]}","{""颜色分类"":[""升级版-王者星云"",""黑色-6键游戏静音版"",""升级版-金属灰色"",""升级版-绝地密码"",""6键旗舰款(金属底盘全升级)-静音"",""升级版-经典黑色"",""黑色-静音版"",""超值静音版-金属灰""],""光学分辨率"":[""4000dpi""],""工作方式"":[""光电""],""成色"":[""全新""],""品牌"":[""other/其他""],""系列"":[""无""],""售后服务"":[""店铺三包""],""接口类型"":[""USB""],""套餐类型"":[""官方标配""],""是否支持人体工程学"":[""支持""],""按键数"":[""7个""]}",data/images/week1_v3/616260230702.webp,data/images/week1_v3/617299493337.webp,attribute_conflict_or_data_noise,ranking_rule_insufficient,partly_fixable_by_quality_gate,候选标题含“我要买”等查询式噪声，且USB机械鼠标描述与无线静音要求冲突；标题污染会误导文本匹配。
BC12,text,test_572739978355,572739978355,鼠标,1600DPI有线游戏鼠标,43027878612,1,0.373552,0,宜博Q版眼镜蛇USB游戏鼠标办公笔记本台式用鼠标,楚王158鼠标有线USB家用办公商务PS2圆口台式笔记本电脑长线1.8米,"{""型号"":[""EMS128""],""套餐类型"":[""套餐一""],""颜色分类"":[""白粉色"",""白绿色"",""白蓝色""],""成色"":[""全新""],""工作方式"":[""光电""],""品牌"":[""E-3LUE/宜博""],""按键数"":[""6个""],""是否支持人体工程学"":[""支持""],""光学分辨率"":[""1600dpi""],""接口类型"":[""USB""]}","{""颜色分类"":[""-4 PS2-圆口鼠标1.8米"",""-4 USB-接口鼠标1.8米""],""型号"":[""158""],""成色"":[""全新""],""按键数"":[""3个""],""接口类型"":[""USB"",""PS/2""],""光学分辨率"":[""1000dpi""],""是否支持人体工程学"":[""支持""],""售后服务"":[""店铺三包""],""套餐类型"":[""官方标配""],""工作方式"":[""光电""],""品牌"":[""chuking/楚王(数码)""]}",data/images/week1_v3/572739978355.webp,data/images/week1_v3/43027878612.webp,ranking_rule_insufficient,,likely_if_relevant_candidate_in_top20,查询要求1600DPI有线游戏鼠标，候选仅支持普通有线办公/商务，缺少DPI和游戏属性。
BC13,image,test_572739978355,572739978355,鼠标,1600DPI有线游戏鼠标,43027878612,1,0.376641,0,宜博Q版眼镜蛇USB游戏鼠标办公笔记本台式用鼠标,楚王158鼠标有线USB家用办公商务PS2圆口台式笔记本电脑长线1.8米,"{""型号"":[""EMS128""],""套餐类型"":[""套餐一""],""颜色分类"":[""白粉色"",""白绿色"",""白蓝色""],""成色"":[""全新""],""工作方式"":[""光电""],""品牌"":[""E-3LUE/宜博""],""按键数"":[""6个""],""是否支持人体工程学"":[""支持""],""光学分辨率"":[""1600dpi""],""接口类型"":[""USB""]}","{""颜色分类"":[""-4 PS2-圆口鼠标1.8米"",""-4 USB-接口鼠标1.8米""],""型号"":[""158""],""成色"":[""全新""],""按键数"":[""3个""],""接口类型"":[""USB"",""PS/2""],""光学分辨率"":[""1000dpi""],""是否支持人体工程学"":[""支持""],""售后服务"":[""店铺三包""],""套餐类型"":[""官方标配""],""工作方式"":[""光电""],""品牌"":[""chuking/楚王(数码)""]}",data/images/week1_v3/572739978355.webp,data/images/week1_v3/43027878612.webp,appearance_homogeneity,,not_fixable_without_image_signals,同为常见鼠标轮廓，候选办公鼠标在视觉上接近游戏鼠标，但关键DPI/用途无法从当前规则获得。
BC14,image,test_572739978355,572739978355,鼠标,1600DPI有线游戏鼠标,596152984459,3,0.361554,0,宜博Q版眼镜蛇USB游戏鼠标办公笔记本台式用鼠标,爱国者Q710 无线2.4G鼠标 台式机笔记本专用无线鼠标办公精品鼠标,"{""型号"":[""EMS128""],""套餐类型"":[""套餐一""],""颜色分类"":[""白粉色"",""白绿色"",""白蓝色""],""成色"":[""全新""],""工作方式"":[""光电""],""品牌"":[""E-3LUE/宜博""],""按键数"":[""6个""],""是否支持人体工程学"":[""支持""],""光学分辨率"":[""1600dpi""],""接口类型"":[""USB""]}","{""成色"":[""全新""],""按键数"":[""4个""],""颜色分类"":[""Q710""],""接口类型"":[""无线2.4G""],""品牌"":[""Aigo/爱国者""],""售后服务"":[""店铺三包""],""套餐类型"":[""官方标配""],""光学分辨率"":[""12000DPI""],""是否支持人体工程学"":[""支持""],""工作方式"":[""光电""]}",data/images/week1_v3/572739978355.webp,data/images/week1_v3/596152984459.webp,appearance_homogeneity,cross_modal_alignment_insufficient,not_fixable_without_image_signals,候选是无线2.4G鼠标，与有线游戏鼠标外观接近；连接方式冲突未被现有跨模态表示充分区分。
BC15,text,test_578515650928,578515650928,鼠标,电竞游戏鼠标,559685535453,8,0.318692,0,钛度TSG301电竞者游戏绝地逃生吃鸡电脑鼠标黑色白色红色光电镜面,黑轴有线游戏机械键盘台式电脑usb背光发光办公用金属跑马灯防水,"{""套餐类型"":[""官方标配""],""颜色分类"":[""白色"",""红色"",""黑色""],""工作方式"":[""光电""],""光学分辨率"":[""其他/other""],""是否支持人体工程学"":[""支持""],""品牌"":[""钛度""],""成色"":[""全新""],""接口类型"":[""USB""],""型号"":[""TSG301""]}","{""是否机械键盘"":[""是""],""颜色分类"":[""黑轴 黑色机械键盘+黑 游戏鼠标"",""黑轴 黑色机械键盘"",""黑轴 黑色机械键盘+黑 X9鼠标"",""黑轴 黑色机械键盘+黑 鬼爪鼠标"",""黑轴 黑色机械键盘+白 X9鼠标"",""黑轴 黑色机械键盘+白 游戏鼠标"",""黑轴 黑色机械键盘+黑 机械鼠标"",""黑轴 黑色机械键盘+白 鬼爪鼠标"",""黑轴 黑色机械键盘+银 机械鼠标""],""套餐类型"":[""官方标配""],""品牌"":[""翼蛇""],""毛重"":[""1.50""],""售后服务"":[""全国联保""],""型号"":[""K6""],""是否支持即插即用"":[""支持""],""是否支持人体工程学"":[""支持""],""包装体积"":[""1""],""成色"":[""全新""],""是否无线"":[""有线""],""接口类型"":[""USB""],""是否有多媒体功能键"":[""有""],""有无手托"":[""无""]}",data/images/week1_v3/578515650928.jpg,data/images/week1_v3/559685535453.webp,category_mismatch,cross_modal_alignment_insufficient,likely_fixable_by_parsed_text_category,电竞游戏鼠标文本查询召回键盘商品；文本中可直接解析鼠标品类，可用二级品类系数降权。
BC16,text,test_587556959797,587556959797,移动电源,适用于苹果手机的5000mAh超薄自带线充电宝,561811479895,1,0.372376,0,鹿途充电宝超薄 小巧 便携 迷你充电宝苹果专用手机充电宝自带线,双向快充无线充电宝10000毫安苹果华为vivo通用oppo移动电源便携,"{""尺寸"":[""138x68x8mm""],""充电协议"":[""BC1.2"",""其他"",""DCP""],""电池类型"":[""锂聚合物电池""],""外壳材质"":[""合金""],""颜色分类"":[""【个性化定制】下单前请先联系客服"",""【苹果Lightning版本】玫瑰金"",""【苹果Lightning版本】黑色"",""【苹果Lightning版本】银色""],""品牌"":[""Luxtude""],""型号"":[""Et50L""],""最大输出功率"":[""12W""],""附加功能"":[""支持快充""],""生产企业"":[""东莞市太业电子股份有限公司""],""电芯类型"":[""方形铝壳""],""电池容量"":[""5000mAh""]}","{""颜色分类"":[""时尚白【配安卓下窄上宽插口】"",""时尚白【配安卓下宽上窄插口】"",""魅力黑【配安卓下窄上宽插口】"",""时尚白【标配无接收器】"",""商务灰【配安卓下宽上窄插口】"",""魅力黑【标配无接收器】"",""时尚白【配带接收器备注插口】"",""时尚白【配苹果插口接收器】"",""魅力黑【配带接收器备注插口】"",""商务灰【配带接收器备注插口】"",""商务灰【配苹果插口接收器】"",""商务灰【标配无接收器】"",""时尚白【配Type-C插口接收器】"",""商务灰【配Type-C插口接收器】"",""魅力黑【配Type-C插口接收器】"",""收藏宝贝加入购物车拍下付款"",""魅力黑【配安卓下宽上窄插口】"",""商务灰【配安卓下窄上宽插口】"",""魅力黑【配苹果插口接收器】""],""电池类型"":[""锂聚合物电池""],""尺寸"":[""135x74x18mm""],""品牌"":[""POWER BANK""],""电池容量"":[""10000mAh""],""型号"":[""007""],""外壳材质"":[""塑料""],""电芯类型"":[""软包""]}",data/images/week1_v3/587556959797.webp,data/images/week1_v3/561811479895.webp,ranking_rule_insufficient,,likely_if_relevant_candidate_in_top20,查询要求5000mAh超薄自带线，候选为10000mAh无线/双向快充，容量和功能均冲突。
BC17,text,test_580312751243,580312751243,移动电源,便携的10000mAh充电宝,590175217614,2,0.348699,0,冇心充电宝便携超薄卡通超萌少女通用迷你小巧移动电源10000毫安,ROMOSS/罗马仕 30000m毫安充电宝大容量8p 手机电充宝快充 闪充移动电源旗舰店官方旗舰七千猫舰旗超大量式士,"{""电池容量"":[""10000mAh""],""型号"":[""迷你充电宝""],""颜色分类"":[""星辰(送数据线)"",""西瓜蜜(送数据线)"",""梦为马(送数据线)"",""黑色""],""品牌"":[""冇心""],""电池类型"":[""锂聚合物电池""],""尺寸"":[""90x63x22mm""]}","{""充电协议"":[""QC2.0""],""电芯类型"":[""软包""],""电池容量"":[""30000mAh""],""电池类型"":[""锂聚合物电池""],""尺寸"":[""167x81x33mm""],""生产企业"":[""深圳市罗马仕科技有限公司""],""品牌"":[""ROMOSS/罗马仕""],""颜色分类"":[""标准版 白色"",""快充版 白色""],""外壳材质"":[""塑料""],""型号"":[""sense 8P""]}",data/images/week1_v3/580312751243.webp,data/images/week1_v3/590175217614.webp,ranking_rule_insufficient,,likely_if_relevant_candidate_in_top20,查询要求便携10000mAh，候选为30000mAh大容量；数值约束可直接用于降权。
BC18,image,test_614300701256,614300701256,移动电源,自带线和充电插头的三合一充电宝,561811479895,4,0.331702,0,Eary一粒充电伴侣自带线充电宝充电器三合一便携小巧迷你大容量,双向快充无线充电宝10000毫安苹果华为vivo通用oppo移动电源便携,"{""外壳材质"":[""塑料""],""电芯类型"":[""软包""],""尺寸"":[""90x55x45mm""],""电池容量"":[""7500MAH""],""型号"":[""充电伴侣""],""颜色分类"":[""象牙白色"",""橘绿""],""是否带数据线"":[""是""],""最大输出功率"":[""18W""],""是否带充电插头"":[""是""],""充电协议"":[""QC3.0""],""是否支持无线充电"":[""否""],""电池类型"":[""锂聚合物电池""],""品牌"":[""other/其他""],""是否带屏幕"":[""不带屏幕""]}","{""颜色分类"":[""时尚白【配安卓下窄上宽插口】"",""时尚白【配安卓下宽上窄插口】"",""魅力黑【配安卓下窄上宽插口】"",""时尚白【标配无接收器】"",""商务灰【配安卓下宽上窄插口】"",""魅力黑【标配无接收器】"",""时尚白【配带接收器备注插口】"",""时尚白【配苹果插口接收器】"",""魅力黑【配带接收器备注插口】"",""商务灰【配带接收器备注插口】"",""商务灰【配苹果插口接收器】"",""商务灰【标配无接收器】"",""时尚白【配Type-C插口接收器】"",""商务灰【配Type-C插口接收器】"",""魅力黑【配Type-C插口接收器】"",""收藏宝贝加入购物车拍下付款"",""魅力黑【配安卓下宽上窄插口】"",""商务灰【配安卓下窄上宽插口】"",""魅力黑【配苹果插口接收器】""],""电池类型"":[""锂聚合物电池""],""尺寸"":[""135x74x18mm""],""品牌"":[""POWER BANK""],""电池容量"":[""10000mAh""],""型号"":[""007""],""外壳材质"":[""塑料""],""电芯类型"":[""软包""]}",data/images/week1_v3/614300701256.webp,data/images/week1_v3/561811479895.webp,appearance_homogeneity,cross_modal_alignment_insufficient,not_fixable_without_image_signals,查询商品为自带线和插头的三合一移动电源，候选为无线/双向快充移动电源；同类外观掩盖了结构功能差异。
BC19,image,test_587556959797,587556959797,移动电源,适用于苹果手机的5000mAh超薄自带线充电宝,522783084872,1,0.376323,0,鹿途充电宝超薄 小巧 便携 迷你充电宝苹果专用手机充电宝自带线,可爱女生卡通超萌苹果vivo华为oppo手机通用充电宝迷你毫安大容量移动电源超薄小巧便携快充创意大容量,"{""尺寸"":[""138x68x8mm""],""充电协议"":[""BC1.2"",""其他"",""DCP""],""电池类型"":[""锂聚合物电池""],""外壳材质"":[""合金""],""颜色分类"":[""【个性化定制】下单前请先联系客服"",""【苹果Lightning版本】玫瑰金"",""【苹果Lightning版本】黑色"",""【苹果Lightning版本】银色""],""品牌"":[""Luxtude""],""型号"":[""Et50L""],""最大输出功率"":[""12W""],""附加功能"":[""支持快充""],""生产企业"":[""东莞市太业电子股份有限公司""],""电芯类型"":[""方形铝壳""],""电池容量"":[""5000mAh""]}","{""颜色分类"":[""爱心喵"",""呆萌熊"",""小羊驼"",""骑士黑."",""胖胖兔"",""小可爱"",""蓝猫咪"",""小猴子"",""粉猫咪"",""瞌睡狗"",""小熊猫"",""当当猫"",""叮叮猫"",""情侣猫"",""精灵兔""],""品牌"":[""HANDIC/汉尼""],""尺寸"":[""80x80x16mm""],""附加功能"":[""多U口输出""],""型号"":[""M-20000M""],""充电协议"":[""其他""],""外壳材质"":[""塑料""],""生产企业"":[""深圳市东方天悦电子科技有限公司""],""电池容量"":[""5400mAh""],""电池类型"":[""锂电池""],""电芯类型"":[""圆柱状铝壳""]}",data/images/week1_v3/587556959797.webp,data/images/week1_v3/522783084872.webp,attribute_conflict_or_data_noise,appearance_homogeneity,not_reliably_fixable,候选标题容量信息缺失且历史审计显示容量声明可疑；图片外观相似与源属性质量问题同时存在。
BC20,image,test_592744185523,592744185523,移动电源,10000mAh快充充电宝,614300701256,1,0.359524,0,OKZU图案定制移动电源超小迷你10000毫安QC+PD18W快充充电宝,Eary一粒充电伴侣自带线充电宝充电器三合一便携小巧迷你大容量,"{""颜色分类"":[""白色"",""夜幕黑色"",""大气黑色"",""乳白色"",""典雅黑色"",""黑色"",""增白色"",""大白色""],""尺寸"":[""106x67x26mm""],""型号"":[""C1003""],""充电协议"":[""PE2.0"",""其他"",""BC1.2"",""pd2.0"",""QC2.0"",""FCP"",""QC3.0"",""sfcp""],""附加功能"":[""支持快充"",""多U口输出""],""智能类型"":[""其他智能""],""电池类型"":[""锂聚合物电池""],""品牌"":[""OKzu""],""外壳材质"":[""塑料""],""电池容量"":[""10000mAh""],""电芯类型"":[""软包""]}","{""外壳材质"":[""塑料""],""电芯类型"":[""软包""],""尺寸"":[""90x55x45mm""],""电池容量"":[""7500MAH""],""型号"":[""充电伴侣""],""颜色分类"":[""象牙白色"",""橘绿""],""是否带数据线"":[""是""],""最大输出功率"":[""18W""],""是否带充电插头"":[""是""],""充电协议"":[""QC3.0""],""是否支持无线充电"":[""否""],""电池类型"":[""锂聚合物电池""],""品牌"":[""other/其他""],""是否带屏幕"":[""不带屏幕""]}",data/images/week1_v3/592744185523.webp,data/images/week1_v3/614300701256.webp,cross_modal_alignment_insufficient,appearance_homogeneity,not_fixable_without_image_signals,查询图是黑色18W快充移动电源，候选图是彩色自带线/插头三合一产品，外观和功能呈现均有差异，现有图片到文本对齐仍将其排第一。
