category_l2,product_id,split,source_title,used_attributes,title_target,selling_points_target,short_description_target,cleaning_actions,manual_review_status,manual_review_note
保温杯,563007750434,train,火烈鸟保温杯少女学生 清新甜美可爱ins风韩版便携小巧韩国水杯子,"{""品牌"": [""wili""], ""型号"": [""cup-10""], ""材质"": [""304不锈钢""], ""容量"": [""301mL(含)-400mL(含)""], ""保温时长"": [""6小时(含)-12小时(不含)""], ""杯子样式"": [""直身杯""], ""适用人群"": [""大众""], ""适用场景"": [""日常送礼""]}",wili cup-10 304不锈钢 301mL(含)-400mL(含) 保温杯,"[""材质：304不锈钢"", ""容量：301mL(含)-400mL(含)"", ""保温时长：6小时(含)-12小时(不含)""]",这款保温杯的品牌为wili，型号为cup-10，材质为304不锈钢，容量为301mL(含)-400mL(含)，保温时长为6小时(含)-12小时(不含)。,"[""discard_untrusted_source_title_free_text"", ""remove_unsupported_scope_or_scenario:学生"", ""add_reliable_component:品牌"", ""add_reliable_component:型号"", ""add_reliable_component:材质"", ""add_reliable_component:容量""]",,
保温杯,593711150367,train,新款创意不锈钢汽车杯30oz保温杯创意水杯便携卡通冰霸杯定制logo,"{""材质"": [""304不锈钢""], ""容量"": [""801mL(含)-900mL(含)""], ""保温时长"": [""6小时42度以上""], ""杯子样式"": [""大肚杯""]}",304不锈钢 801mL(含)-900mL(含) 保温杯,"[""材质：304不锈钢"", ""容量：801mL(含)-900mL(含)"", ""保温时长：6小时42度以上""]",这款保温杯的材质为304不锈钢，容量为801mL(含)-900mL(含)，保温时长为6小时42度以上，杯子样式为大肚杯。,"[""drop_placeholder:品牌=/"", ""drop_placeholder:型号=/"", ""discard_untrusted_source_title_free_text"", ""remove_marketing_or_evaluative_term:新款"", ""add_reliable_component:材质"", ""add_reliable_component:容量""]",,
保温杯,571966598992,validation,大容量保温杯男女不锈钢保温壶户外运动水杯便携车载旅游用军水壶,"{""品牌"": [""艾斯兵""], ""型号"": [""3065""], ""材质"": [""304不锈钢""], ""容量"": [""501mL(含)-600mL(含)""], ""保温时长"": [""12小时(含)-24小时(不含)""], ""杯子样式"": [""直身杯""], ""适用人群"": [""大众""], ""适用场景"": [""旅行""]}",艾斯兵 3065 304不锈钢 501mL(含)-600mL(含) 保温杯,"[""材质：304不锈钢"", ""容量：501mL(含)-600mL(含)"", ""保温时长：12小时(含)-24小时(不含)""]",这款保温杯的品牌为艾斯兵，型号为3065，材质为304不锈钢，容量为501mL(含)-600mL(含)，保温时长为12小时(含)-24小时(不含)。,"[""discard_untrusted_source_title_free_text"", ""remove_marketing_or_evaluative_term:大容量"", ""remove_unsupported_scope_or_scenario:车载"", ""remove_unsupported_scope_or_scenario:户外"", ""add_reliable_component:品牌"", ""add_reliable_component:型号"", ""add_reliable_component:材质"", ""add_reliable_component:容量""]",,
垃圾桶,523865583326,train,茶花家用卫生间客厅厨房创意小号塑料无盖手提干湿分离套袋垃圾桶,"{""品牌"": [""茶花""], ""外壳材质"": [""塑料""], ""形状"": [""圆桶形""], ""容量"": [""6L""], ""垃圾桶类型"": [""纸篓""], ""开合方式"": [""无盖""], ""适用场景"": [""家庭使用""]}",茶花 塑料 无盖 垃圾桶,"[""外壳材质：塑料"", ""形状：圆桶形"", ""容量：6L""]",这款垃圾桶的品牌为茶花，外壳材质为塑料，形状为圆桶形，容量为6L，垃圾桶类型为纸篓。,"[""discard_untrusted_source_title_free_text"", ""remove_unsupported_scope_or_scenario:家用"", ""remove_unsupported_scope_or_scenario:厨房"", ""remove_unsupported_scope_or_scenario:卫生间"", ""remove_unsupported_scope_or_scenario:客厅""]",,
垃圾桶,597850977581,train,异丽东南亚客厅垃圾桶家用带盖个性创意木质垃圾筒酒店卫生间纸篓,"{""品牌"": [""异丽(家装主材)""], ""外壳材质"": [""木制""], ""形状"": [""长筒形""], ""容量"": [""8L""], ""垃圾桶类型"": [""收纳桶""], ""开合方式"": [""摇盖式""], ""适用场景"": [""家庭使用""]}",异丽(家装主材) 木制 长筒形 垃圾桶,"[""外壳材质：木制"", ""形状：长筒形"", ""容量：8L""]",这款垃圾桶的品牌为异丽(家装主材)，外壳材质为木制，形状为长筒形，容量为8L，垃圾桶类型为收纳桶。,"[""discard_untrusted_source_title_free_text"", ""remove_unsupported_scope_or_scenario:家用"", ""remove_unsupported_scope_or_scenario:卫生间"", ""remove_unsupported_scope_or_scenario:客厅"", ""add_reliable_component:品牌"", ""add_reliable_component:外壳材质"", ""add_reliable_component:形状""]",,
垃圾桶,581987427956,train,日式双层分类垃圾桶大号厨房家用密封带盖塑料带滑轮收纳箱垃圾筒,"{""品牌"": [""World Life""], ""外壳材质"": [""塑料""], ""形状"": [""长筒形""], ""容量"": [""12L以上""], ""垃圾桶类型"": [""收纳桶""], ""开合方式"": [""触摸式""], ""适用场景"": [""家庭使用""]}",World Life 塑料 长筒形 垃圾桶,"[""外壳材质：塑料"", ""形状：长筒形"", ""容量：12L以上""]",这款垃圾桶的品牌为World Life，外壳材质为塑料，形状为长筒形，容量为12L以上，垃圾桶类型为收纳桶。,"[""discard_untrusted_source_title_free_text"", ""remove_unsupported_scope_or_scenario:家用"", ""remove_unsupported_scope_or_scenario:厨房"", ""add_reliable_component:品牌"", ""add_reliable_component:形状""]",,
拖把,616619666268,train,蓝小鱼免手洗胶棉拖把家用干湿两用木地板平板拖把懒人吸水拖墩布,"{""品牌"": [""蓝小鱼""], ""型号"": [""胶棉拖把""], ""杆材质"": [""铝""], ""挤水方式"": [""滑片式""]}",蓝小鱼 胶棉拖把 铝 滑片式,"[""杆材质：铝"", ""挤水方式：滑片式"", ""品牌：蓝小鱼""]",这款拖把的品牌为蓝小鱼，型号为胶棉拖把，杆材质为铝，挤水方式为滑片式。,"[""discard_untrusted_source_title_free_text"", ""remove_unsupported_scope_or_scenario:家用"", ""add_reliable_component:杆材质"", ""add_reliable_component:挤水方式""]",,
拖把,43125514344,train,3M思高拖把W3轻盈蝶形胶棉家用对折吸水海绵头懒人拖把免手洗墩布,"{""品牌"": [""Scotch-Brite/思高""], ""型号"": [""W3胶棉""], ""杆材质"": [""铁杆""], ""拖布材质"": [""雪尼尔""], ""挤水方式"": [""对折式""]}",Scotch-Brite/思高 W3胶棉 铁杆 雪尼尔 拖把,"[""杆材质：铁杆"", ""拖布材质：雪尼尔"", ""挤水方式：对折式""]",这款拖把的品牌为Scotch-Brite/思高，型号为W3胶棉，杆材质为铁杆，拖布材质为雪尼尔，挤水方式为对折式。,"[""discard_untrusted_source_title_free_text"", ""remove_unsupported_scope_or_scenario:家用"", ""add_reliable_component:品牌"", ""add_reliable_component:型号"", ""add_reliable_component:杆材质"", ""add_reliable_component:拖布材质""]",,
拖把,610443176579,train,拓朴大卫D9免手洗拖把桶旋转拖把拖布拓扑木地板拖地家用拖把妙洁,"{""品牌"": [""大卫(居家日用)""], ""型号"": [""大卫D9""], ""杆材质"": [""不锈钢""], ""拖布材质"": [""超细纤维""], ""拖把杆类型"": [""提升杆+塑料盘""], ""驱动类型"": [""双驱动""], ""电源方式"": [""手动""]}",大卫(居家日用) 大卫D9 不锈钢 超细纤维 拖把,"[""杆材质：不锈钢"", ""拖布材质：超细纤维"", ""拖把杆类型：提升杆+塑料盘""]",这款拖把的品牌为大卫(居家日用)，型号为大卫D9，杆材质为不锈钢，拖布材质为超细纤维，拖把杆类型为提升杆+塑料盘。,"[""discard_untrusted_source_title_free_text"", ""remove_unsupported_scope_or_scenario:家用"", ""add_reliable_component:品牌"", ""add_reliable_component:杆材质"", ""add_reliable_component:拖布材质""]",,
收纳箱,563305085822,train,禧天龙6032透明塑料箱书籍储物箱加厚抗压车载箱整理箱养殖箱 58L,"{""品牌"": [""Citylong/禧天龙""], ""型号"": [""X6032""], ""材质"": [""塑料""], ""尺寸"": [""66*44.1*30.3CM""], ""净重"": [""3.2KG""]}",Citylong/禧天龙 X6032 塑料 66*44.1*30.3CM 收纳箱,"[""材质：塑料"", ""尺寸：66*44.1*30.3CM"", ""净重：3.2KG""]",这款收纳箱的品牌为Citylong/禧天龙，型号为X6032，材质为塑料，尺寸为66*44.1*30.3CM，净重为3.2KG。,"[""discard_untrusted_source_title_free_text"", ""remove_unsupported_scope_or_scenario:车载"", ""add_reliable_component:品牌"", ""add_reliable_component:型号"", ""add_reliable_component:尺寸"", ""add_reliable_component:category_l2""]",,
收纳箱,534954722752,train,禧天龙特大号透明收纳箱加厚塑料储物箱衣物被子整理箱塑料养龟箱,"{""品牌"": [""Citylong/禧天龙""], ""型号"": [""X-6031""], ""材质"": [""塑料""], ""净重"": [""2kg""]}",Citylong/禧天龙 X-6031 塑料 2kg 收纳箱,"[""材质：塑料"", ""净重：2kg"", ""品牌：Citylong/禧天龙""]",这款收纳箱的品牌为Citylong/禧天龙，型号为X-6031，材质为塑料，净重为2kg。,"[""drop_non_numeric_value:尺寸=食品级收纳箱"", ""drop_placeholder:适用对象=其他"", ""withhold_oversized_set_field:适用对象"", ""withhold_oversized_set_field:适用空间"", ""discard_untrusted_source_title_free_text"", ""add_reliable_component:品牌"", ""add_reliable_component:型号"", ""add_reliable_component:净重""]",,
收纳箱,566412076062,train,禧天龙正派加厚收纳箱X6268\6269\6270衣物书籍家用玩具整理箱,"{""品牌"": [""Citylong/禧天龙""], ""材质"": [""塑料""], ""适用空间"": [""卧室""], ""净重"": [""1kg""]}",Citylong/禧天龙 塑料 卧室 收纳箱,"[""材质：塑料"", ""适用空间：卧室"", ""净重：1kg""]",这款收纳箱的品牌为Citylong/禧天龙，材质为塑料，适用空间为卧室，净重为1kg。,"[""withhold_multivalue_field:尺寸"", ""drop_placeholder:适用对象=其他"", ""withhold_oversized_set_field:适用对象"", ""discard_untrusted_source_title_free_text"", ""remove_unsupported_scope_or_scenario:家用"", ""add_reliable_component:品牌"", ""add_reliable_component:材质"", ""add_reliable_component:适用空间""]",,
移动电源,623673614217,train,大容量充电宝20000毫安专用苹果oppo华为vivo华为三星通用户外便携自带线闪充快充100000移动电源,"{""品牌"": [""金铂""], ""型号"": [""X101""], ""电池容量"": [""20000mAh""], ""电池类型"": [""锂聚合物电池""], ""电芯类型"": [""软包""], ""外壳材质"": [""塑料""], ""充电协议"": [""QC2.0""]}",金铂 X101 20000mAh 锂聚合物电池 移动电源,"[""电池容量：20000mAh"", ""电池类型：锂聚合物电池"", ""电芯类型：软包""]",这款移动电源的品牌为金铂，型号为X101，电池容量为20000mAh，电池类型为锂聚合物电池，电芯类型为软包。,"[""discard_untrusted_source_title_free_text"", ""remove_marketing_or_evaluative_term:大容量"", ""remove_unsupported_scope_or_scenario:户外"", ""remove_unsupported_scope_or_scenario:通用"", ""add_reliable_component:品牌"", ""add_reliable_component:型号"", ""add_reliable_component:电池容量"", ""add_reliable_component:电池类型""]",,
移动电源,548484320885,train,太阳能充电宝20000毫安超薄便携30000m大容量适用蘋果华为手机2万通用自带线移动电源小巧快充1000000超大量,"{""品牌"": [""Nohon/诺希""], ""电池容量"": [""20000mAh""], ""电池类型"": [""锂聚合物电池""], ""电芯类型"": [""软包""], ""外壳材质"": [""合金""], ""最大输出功率"": [""10W""]}",Nohon/诺希 20000mAh 锂聚合物电池 移动电源,"[""电池容量：20000mAh"", ""电池类型：锂聚合物电池"", ""电芯类型：软包""]",这款移动电源的品牌为Nohon/诺希，电池容量为20000mAh，电池类型为锂聚合物电池，电芯类型为软包，外壳材质为合金。,"[""drop_noninformative_model:型号=50000M"", ""drop_placeholder:充电协议=其他"", ""discard_untrusted_source_title_free_text"", ""remove_marketing_or_evaluative_term:大容量"", ""remove_unsupported_scope_or_scenario:通用"", ""add_reliable_component:品牌"", ""add_reliable_component:电池容量"", ""add_reliable_component:电池类型""]",,
移动电源,566053395215,train,"沣标索尼微单移动电源FZ100/FW50相机电池 a9,a7rm3,a7m3,a6500","{""品牌"": [""FB/沣标""], ""型号"": [""FB-5200""], ""电池容量"": [""5200MAH""], ""电池类型"": [""锂电池""], ""电芯类型"": [""圆柱状铝壳""], ""外壳材质"": [""塑料""], ""充电协议"": [""pd2.0""]}",FB/沣标 FB-5200 5200MAH 锂电池 移动电源,"[""电池容量：5200MAH"", ""电池类型：锂电池"", ""电芯类型：圆柱状铝壳""]",这款移动电源的品牌为FB/沣标，型号为FB-5200，电池容量为5200MAH，电池类型为锂电池，电芯类型为圆柱状铝壳。,"[""discard_untrusted_source_title_free_text"", ""add_reliable_component:品牌"", ""add_reliable_component:型号"", ""add_reliable_component:电池容量"", ""add_reliable_component:电池类型""]",,
耳机,611657702989,train,Awei/用维 A885BL蓝牙耳机后挂式 无线运动NFC快连一拖二超长待机,"{""品牌"": [""Awei/用维""], ""型号"": [""A885BL""], ""佩戴方式"": [""挂耳式""], ""耳机类别"": [""主动降噪耳机""], ""耳机与播放设备连接方式"": [""蓝牙连接""], ""蓝牙版本"": [""4.1""], ""功能"": [""NFC功能""]}",Awei/用维 A885BL 挂耳式 主动降噪耳机,"[""佩戴方式：挂耳式"", ""耳机类别：主动降噪耳机"", ""耳机与播放设备连接方式：蓝牙连接""]",这款耳机的品牌为Awei/用维，型号为A885BL，佩戴方式为挂耳式，耳机类别为主动降噪耳机，耳机与播放设备连接方式为蓝牙连接。,"[""discard_untrusted_source_title_free_text"", ""add_reliable_component:佩戴方式"", ""add_reliable_component:耳机类别""]",,
耳机,578373246053,train,PLEXTON/浦记G15电脑手机耳机入耳式K歌游戏耳麦 L型插头带音频线,"{""品牌"": [""PLEXTONE/浦记""], ""型号"": [""G15电脑手机游戏耳机""], ""佩戴方式"": [""入耳式""]}",PLEXTONE/浦记 G15电脑手机游戏耳机 入耳式,"[""佩戴方式：入耳式"", ""品牌：PLEXTONE/浦记"", ""型号：G15电脑手机游戏耳机""]",这款耳机的品牌为PLEXTONE/浦记，型号为G15电脑手机游戏耳机，佩戴方式为入耳式。,"[""discard_untrusted_source_title_free_text"", ""add_reliable_component:品牌"", ""add_reliable_component:型号""]",,
耳机,606673427816,train,魔浪o5 真无线蓝牙耳机双耳超长待机tws迷你小隐形入耳式耳塞跑步运动防水plus大电量 TFZ X,"{""品牌"": [""魔浪""], ""型号"": [""O5 plus""], ""佩戴方式"": [""入耳式""], ""耳机类别"": [""真无线耳机""], ""耳机与播放设备连接方式"": [""蓝牙连接""], ""蓝牙版本"": [""5.0""], ""功能"": [""支持音乐""]}",魔浪 O5 plus 入耳式 真无线耳机,"[""佩戴方式：入耳式"", ""耳机类别：真无线耳机"", ""耳机与播放设备连接方式：蓝牙连接""]",这款耳机的品牌为魔浪，型号为O5 plus，佩戴方式为入耳式，耳机类别为真无线耳机，耳机与播放设备连接方式为蓝牙连接。,"[""discard_untrusted_source_title_free_text"", ""add_reliable_component:型号"", ""add_reliable_component:耳机类别""]",,
键盘,581530850081,train,Dearmo迪摩F4樱桃cherry机械键盘黑轴红轴usb电竞有线rgb游戏键盘,"{""品牌"": [""Dearmo/迪摩""], ""型号"": [""F4鬼怪""], ""接口类型"": [""USB""], ""是否无线"": [""有线""], ""是否机械键盘"": [""是""], ""是否有多媒体功能键"": [""有""], ""有无手托"": [""有""]}",Dearmo/迪摩 F4鬼怪 USB 有线 键盘,"[""接口类型：USB"", ""是否无线：有线"", ""是否机械键盘：是""]",这款键盘的品牌为Dearmo/迪摩，型号为F4鬼怪，接口类型为USB，连接方式为有线，键盘类型为机械键盘。,"[""discard_untrusted_source_title_free_text"", ""add_reliable_component:品牌"", ""add_reliable_component:型号""]",,
键盘,606962175837,train,官方正品雷蛇狼蛛收割者真机械键盘青轴黑轴茶轴游戏专用牧马人台,"{""品牌"": [""AULA/狼蛛""], ""型号"": [""收割者机械键盘""], ""接口类型"": [""USB""], ""是否无线"": [""有线""], ""是否机械键盘"": [""是""], ""是否有多媒体功能键"": [""有""], ""有无手托"": [""有""]}",AULA/狼蛛 收割者机械键盘 USB 有线,"[""接口类型：USB"", ""是否无线：有线"", ""是否机械键盘：是""]",这款键盘的品牌为AULA/狼蛛，型号为收割者机械键盘，接口类型为USB，连接方式为有线，键盘类型为机械键盘。,"[""discard_untrusted_source_title_free_text"", ""remove_marketing_or_evaluative_term:正品"", ""remove_marketing_or_evaluative_term:官方"", ""add_reliable_component:品牌"", ""add_reliable_component:型号"", ""add_reliable_component:接口类型"", ""add_reliable_component:是否无线""]",,
键盘,616491355911,train,官方正品黑爵AK535 男神cherry机械键盘104键红轴茶轴青轴黑轴pbt,"{""品牌"": [""Ajazz/黑爵""], ""型号"": [""AK535""], ""接口类型"": [""USB""], ""是否无线"": [""有线""], ""是否机械键盘"": [""是""], ""是否有多媒体功能键"": [""有""], ""有无手托"": [""无""]}",Ajazz/黑爵 AK535 USB 有线 键盘,"[""接口类型：USB"", ""是否无线：有线"", ""是否机械键盘：是""]",这款键盘的品牌为Ajazz/黑爵，型号为AK535，接口类型为USB，连接方式为有线，键盘类型为机械键盘。,"[""discard_untrusted_source_title_free_text"", ""remove_marketing_or_evaluative_term:正品"", ""remove_marketing_or_evaluative_term:官方"", ""add_reliable_component:品牌"", ""add_reliable_component:接口类型"", ""add_reliable_component:是否无线""]",,
鼠标,618817587663,train,美国3D鼠标肯辛通三模无线蓝牙轨迹球绘图编程懒人手指立式垂直鼠,"{""品牌"": [""Kensington/肯辛通""], ""接口类型"": [""USB""], ""工作方式"": [""轨迹球""], ""光学分辨率"": [""1500dpi""], ""按键数"": [""9个""], ""电源方式"": [""2节5号电池""]}",Kensington/肯辛通 轨迹球 USB 鼠标,"[""接口类型：USB"", ""工作方式：轨迹球"", ""光学分辨率：1500dpi""]",这款鼠标的品牌为Kensington/肯辛通，接口类型为USB，工作方式为轨迹球，光学分辨率为1500dpi，按键数为9个。,"[""drop_excluded_field_value:无线技术=支持"", ""discard_untrusted_source_title_free_text"", ""add_reliable_component:品牌"", ""add_reliable_component:接口类型""]",,
鼠标,607966328578,train,AI智能语音无线鼠标讯飞语音声控打字输入办公游戏可充电滑鼠,"{""型号"": [""PM-6""], ""接口类型"": [""USB""], ""工作方式"": [""光电""], ""光学分辨率"": [""1600dpi""], ""按键数"": [""7个""], ""无线技术"": [""2.4GHz""], ""电源方式"": [""自带充电""]}",PM-6 USB 光电 鼠标,"[""接口类型：USB"", ""工作方式：光电"", ""光学分辨率：1600dpi""]",这款鼠标的型号为PM-6，接口类型为USB，工作方式为光电，光学分辨率为1600dpi，按键数为7个。,"[""drop_placeholder:品牌=other/其他"", ""discard_untrusted_source_title_free_text"", ""remove_unsupported_scope_or_scenario:办公"", ""add_reliable_component:型号"", ""add_reliable_component:接口类型"", ""add_reliable_component:工作方式""]",,
鼠标,585440621431,train,华为MateBookX适用游戏鼠标有线usb静音笔记本办公台式电脑光鼠标,"{""工作方式"": [""光电""], ""光学分辨率"": [""1200dpi""], ""按键数"": [""3个""]}",光电 1200dpi 鼠标,"[""工作方式：光电"", ""光学分辨率：1200dpi"", ""按键数：3个""]",这款鼠标的工作方式为光电，光学分辨率为1200dpi，按键数为3个。,"[""drop_placeholder:品牌=other/其他"", ""withhold_multivalue_field:接口类型"", ""discard_untrusted_source_title_free_text"", ""remove_unsupported_scope_or_scenario:办公"", ""add_reliable_component:工作方式"", ""add_reliable_component:光学分辨率""]",,
