sample_index,product_id,category_l2,variant,core_attribute_count,matched_attribute_count,fluency_pass,factual_error_count,unsupported_generation_count,provided_fact_contradiction_or_distortion_count,evaluative_claim_count,unsupported_scenario_count,identity_or_category_error_count,automatic_grounding_status,supported_paraphrase_or_validator_false_positive_count,review_note
0,576694559149,保温杯,V1-control,6,5,1,0,0,0,0,0,0,NA,0,"无独立事实错误"
1,584648531319,保温杯,V1-control,7,5,1,2,0,0,2,0,0,NA,0,"耐用、保温性能出色为无依据评价"
2,600702277714,保温杯,V1-control,7,5,1,1,0,0,1,0,0,NA,0,"优质为无依据评价"
3,535858215415,垃圾桶,V1-control,7,6,1,1,0,0,0,1,0,NA,0,"公共场所使用为无依据场景"
4,596561935088,垃圾桶,V1-control,5,5,0,0,0,0,0,0,0,NA,0,"短详情为字段堆叠，判不通顺"
5,585183140226,垃圾桶,V1-control,7,5,1,2,0,0,2,0,0,NA,0,"方便摆放、方便倾倒为无依据评价"
6,610727155009,拖把,V1-control,3,3,1,0,0,0,0,0,0,NA,0,"家居清洁属于拖把直接品类语义"
7,44604493546,拖把,V1-control,5,5,1,0,0,0,0,0,0,NA,0,"无独立事实错误"
8,620488672878,拖把,V1-control,5,5,1,3,0,0,3,0,0,NA,0,"耐用、防锈、清洁效果更佳为无依据评价"
9,556912823177,收纳箱,V1-control,5,2,1,0,0,0,0,0,0,NA,0,"无独立事实错误"
10,625309591565,收纳箱,V1-control,6,2,1,1,0,0,1,0,0,NA,0,"耐用材质为无依据评价"
11,613971147597,收纳箱,V1-control,4,3,0,0,0,0,0,0,0,NA,0,"短详情仅重复名词短语，判不通顺"
12,584308818142,移动电源,V1-control,6,4,1,2,0,0,2,0,0,NA,0,"升级、更安全为无依据评价；大容量由原始标题支持"
13,610408134586,移动电源,V1-control,6,5,1,0,0,0,0,0,0,NA,0,"无独立事实错误"
14,569958345076,移动电源,V1-control,6,5,1,0,0,0,0,0,0,NA,0,"无独立事实错误"
15,621656965008,耳机,V1-control,6,5,1,1,0,0,0,1,0,NA,0,"将原始标题明确支持的安卓/苹果/华为/小米手机范围泛化为各种3C设备，计1个无依据兼容范围错误"
16,572645689177,耳机,V1-control,4,3,1,2,0,0,1,1,0,NA,0,"舒适为无依据评价；泛化到各类音频设备为无依据场景"
17,556404503382,耳机,V1-control,3,3,1,0,0,0,0,0,0,NA,0,"无独立事实错误"
18,621341696263,键盘,V1-control,7,4,1,1,0,0,0,1,0,NA,0,"娱乐需求为无依据场景"
19,606784877914,键盘,V1-control,7,5,1,0,0,0,0,0,0,NA,0,"无独立事实错误"
20,621326718016,键盘,V1-control,7,6,1,1,1,0,0,0,0,NA,0,"多键热灵敏触为无依据功能"
21,609932288958,鼠标,V1-control,5,5,1,0,0,0,0,0,0,NA,0,"无独立事实错误"
22,614646720550,鼠标,V1-control,5,5,1,0,0,0,0,0,0,NA,0,"无独立事实错误"
23,580390189481,鼠标,V1-control,5,4,1,0,0,0,0,0,0,NA,0,"无独立事实错误"
0,576694559149,保温杯,V2-context,6,6,1,1,0,0,1,0,0,FAIL,1,"保温效果佳为无依据评价；方便携带由原始标题便携支持，属 validator 误报"
1,584648531319,保温杯,V2-context,7,5,1,6,0,1,5,0,0,FAIL,0,"300mL 与 Mandatory 容量301mL-400mL冲突；另有5项评价性表达"
2,600702277714,保温杯,V2-context,7,7,1,4,0,1,3,0,0,FAIL,0,"标题和短详情将6-12小时错误写成4-12小时；另有3项评价性表达"
3,535858215415,垃圾桶,V2-context,7,7,1,3,0,0,3,0,0,FAIL,1,"易清理、耐用、可靠为无依据评价；家居环境由家庭使用字段支持"
4,596561935088,垃圾桶,V2-context,5,5,1,7,1,0,6,0,0,FAIL,1,"6项评价性表达；现代家居风格无依据；家庭日常使用由源字段支持"
5,585183140226,垃圾桶,V2-context,7,7,1,6,0,0,6,0,0,FAIL,1,"环保、适中、简洁、大方、方便投放、易清理为无依据评价；家庭使用有源字段"
6,610727155009,拖把,V2-context,3,3,1,0,0,0,0,0,0,FAIL,1,"家居日用清洁属于品类与标题直接语义，自动 FAIL 为误报"
7,44604493546,拖把,V2-context,5,5,1,8,0,0,8,0,0,FAIL,0,"优质、稳固、耐用、吸水佳、更干净、操作简单、环保、节能为无依据评价"
8,620488672878,拖把,V2-context,5,5,1,4,0,0,4,0,0,FAIL,0,"坚固、耐用、吸水强、清洁效果好为无依据评价"
9,556912823177,收纳箱,V2-context,5,3,1,2,0,0,2,0,0,FAIL,0,"品质可靠、储存空间充足为无依据评价"
10,625309591565,收纳箱,V2-context,6,4,1,0,0,0,0,0,0,PASS,0,"衣橱/衣帽间由适用空间字段支持"
11,613971147597,收纳箱,V2-context,4,4,1,1,0,0,1,0,0,PASS,0,"仅0.8KG暗示轻量，为无依据评价"
12,584308818142,移动电源,V2-context,6,6,1,0,0,0,0,0,0,PASS,0,"大容量由原始标题支持"
13,610408134586,移动电源,V2-context,6,6,1,0,0,0,0,0,0,FAIL,1,"大容量由原始标题超大容量支持，自动 FAIL 为误报"
14,569958345076,移动电源,V2-context,6,6,1,0,0,0,0,0,0,FAIL,1,"大容量由原始标题超大容量支持，自动 FAIL 为误报"
15,621656965008,耳机,V2-context,6,6,1,4,0,0,3,1,0,FAIL,0,"连接稳定、佩戴舒适、稳固为无依据评价；将原始标题明确支持的安卓/苹果/华为/小米手机范围泛化为各种播放设备"
16,572645689177,耳机,V2-context,4,3,1,2,1,0,0,1,0,FAIL,0,"长时间佩戴为无依据场景；无延迟为无依据性能；多设备连接由兼容平台字段支持"
17,556404503382,耳机,V2-context,3,2,1,4,1,0,2,1,0,FAIL,1,"多种场合、音乐播放控制无依据；方便、轻松为评价；适用接口类型圆口是字段改述"
18,621341696263,键盘,V2-context,7,5,1,3,0,0,2,1,0,FAIL,0,"娱乐需求无依据；稳定、可靠为无依据评价"
19,606784877914,键盘,V2-context,7,5,1,0,0,0,0,0,0,PASS,0,"无独立事实错误"
20,621326718016,键盘,V2-context,7,6,1,2,0,1,1,0,0,PASS,0,"将是机械键盘扭曲为支持机械键盘；丰富快捷键为无依据评价"
21,609932288958,鼠标,V2-context,5,5,1,0,0,0,0,0,0,PASS,0,"无独立事实错误"
22,614646720550,鼠标,V2-context,5,5,1,3,0,0,2,1,0,FAIL,0,"办公场景无依据；稳定、高效为无依据评价；游戏场景由标题支持"
23,580390189481,鼠标,V2-context,5,4,1,5,0,0,5,0,0,FAIL,0,"高分辨率、精准、易安装、易使用、操作便捷为无依据评价"
0,576694559149,保温杯,V2-coverage,6,6,1,2,0,0,2,0,0,PASS,0,"设计合理、稳固为无依据评价"
1,584648531319,保温杯,V2-coverage,7,6,1,4,0,0,3,1,0,FAIL,0,"安全、无异味、温度稳定为无依据评价；日常饮水需求为无依据场景"
2,600702277714,保温杯,V2-coverage,7,7,1,5,0,0,4,1,0,PASS,0,"优越、适中、更加稳固、不易翻倒为评价；日常饮用需求为无依据场景"
3,535858215415,垃圾桶,V2-coverage,7,7,1,3,0,0,2,1,0,FAIL,0,"简约、耐用为无依据评价；办公室为无依据场景"
4,596561935088,垃圾桶,V2-coverage,5,5,1,7,1,0,6,0,0,FAIL,1,"6项评价性表达；现代家居风格无依据；家庭日常使用由源字段支持"
5,585183140226,垃圾桶,V2-coverage,7,7,1,0,0,0,0,0,0,FAIL,1,"家庭日常使用由适用场景字段支持，自动 FAIL 为误报"
6,610727155009,拖把,V2-coverage,3,3,1,1,0,0,1,0,0,FAIL,1,"挤出水分和家居清洁由挤水字段、源标题及拖把品类支持；确保有效属于缺少明确证据的评价性效果保证"
7,44604493546,拖把,V2-coverage,5,5,1,4,0,0,4,0,0,FAIL,0,"稳固、提升清洁效果、简单、便捷为无依据评价"
8,620488672878,拖把,V2-coverage,5,5,1,5,0,0,5,0,0,FAIL,0,"稳固、耐用、吸水、环保、省心为无依据评价"
9,556912823177,收纳箱,V2-coverage,5,3,1,0,0,0,0,0,0,FAIL,1,"家居日用收纳属于品类与适用空间直接语义，自动 FAIL 为误报"
10,625309591565,收纳箱,V2-coverage,6,4,1,0,0,0,0,0,0,PASS,0,"衣橱/衣帽间由适用空间字段支持"
11,613971147597,收纳箱,V2-coverage,4,4,1,0,0,0,0,0,0,FAIL,1,"家居日用收纳属于收纳箱直接品类语义，自动 FAIL 为误报"
12,584308818142,移动电源,V2-coverage,6,4,1,4,1,0,2,1,0,FAIL,0,"长时间续航无依据；多设备充电需求为无依据场景；安全、可靠为评价"
13,610408134586,移动电源,V2-coverage,6,6,1,3,0,0,3,0,0,FAIL,1,"坚固、耐用、保护为无依据评价；大容量由原始标题支持"
14,569958345076,移动电源,V2-coverage,6,6,1,0,0,0,0,0,0,FAIL,1,"大容量由原始标题超大容量支持，自动 FAIL 为误报"
15,621656965008,耳机,V2-coverage,6,6,1,1,0,0,1,0,0,FAIL,0,"优质立体声体验为无依据评价"
16,572645689177,耳机,V2-coverage,4,3,1,2,1,0,0,1,0,FAIL,0,"长时间佩戴为无依据场景；无延迟为无依据性能；多设备连接由兼容平台字段支持"
17,556404503382,耳机,V2-coverage,3,2,1,5,0,0,4,1,0,FAIL,0,"多种场合无依据；稳固、舒适、方便、兼容性强为无依据评价"
18,621341696263,键盘,V2-coverage,7,5,1,0,0,0,0,0,0,FAIL,1,"多种电脑设备由原始标题台式/笔记本外接支持，自动 FAIL 为误报"
19,606784877914,键盘,V2-coverage,7,5,1,1,0,0,1,0,0,FAIL,1,"便捷操作体验为无依据评价；多种设备由原始标题台式/笔记本通用支持"
20,621326718016,键盘,V2-coverage,7,6,1,0,0,0,0,0,0,PASS,0,"无独立事实错误"
21,609932288958,鼠标,V2-coverage,5,5,1,4,0,0,4,0,0,FAIL,0,"精准、易连接、稳定、可靠为无依据评价"
22,614646720550,鼠标,V2-coverage,5,5,1,3,0,0,3,0,0,PASS,0,"高精度、流畅、稳定为无依据评价"
23,580390189481,鼠标,V2-coverage,5,4,1,3,0,0,2,0,1,PASS,0,"无依据写入微软品牌；高精度、操作简便为无依据评价"
