product_id,category_l1,category_l2,raw_label,title,attributes,image_path,review_label_ok,review_image_ok,notes
575485554064,家居日用,保温杯,保温杯,富光不锈钢茶杯创意茶水分离泡茶保温杯子男随手便携水杯紫砂车载,"{""保温时长"": [""6小时(含)-12小时(不含)""], ""适用人群"": [""大众""], ""颜色分类"": [""咖啡色"", ""酒红色"", ""闪金色"", ""灰色"", ""皓月白"", ""墨蓝"", ""黑紫色"", ""红色""], ""产地"": [""中国大陆""], ""材质"": [""304不锈钢""], ""保温产品"": [""保温杯""], ""适用场景"": [""日常送礼""], ""适用空间"": [""车载""], ""杯子样式"": [""直身杯""], ""风格"": [""中式""], ""流行元素"": [""纯色""], ""型号"": [""FGL-3570""], ""品牌"": [""富光""], ""主图来源"": [""自主实拍图""], ""容量"": [""201mL(含)-300mL(含)""]}",data/images/week1_v3/575485554064.webp,1,1,
596270052992,家居日用,保温杯,保温杯,韩国正品杯具熊儿童保温杯多啦a梦口袋杯吸嘴三盖不锈钢礼盒水壶,"{""品牌"": [""BEDDYBEAR/杯具熊""], ""保温时长"": [""12小时(含)-24小时(不含)""], ""颜色分类"": [""射手座/三盖/皮套"", ""摩羯座/三盖/布套"", ""狮子座/三盖/布套"", ""巨蟹座/三盖/布套"", ""新摩羯/三盖/皮套"", ""天羯座/三盖/皮套"", ""金牛座/三盖/布套"", ""白羊座/三盖/布套""], ""适用场景"": [""日常送礼""], ""杯子样式"": [""大肚杯""], ""适用空间"": [""儿童房""], ""适用人群"": [""儿童""], ""杯子容量值"": [""550mL""], ""保温性能描述"": [""55度以上8小时""], ""材质"": [""316不锈钢""], ""容量"": [""501mL(含)-600mL(含)""], ""产地"": [""中国大陆""], ""主图来源"": [""自主实拍图""], ""保温产品"": [""儿童卡通""], ""型号"": [""星座系列""], ""流行元素"": [""卡通""]}",data/images/week1_v3/596270052992.webp,1,1,
597300459437,家居日用,保温杯,保温杯,包邮俄罗斯真空全304不锈钢保温杯车载大容量男女户外便携茶水杯,"{""颜色分类"": [""红色750ml"", ""银色750ml"", ""红绿蓝1500ml"", ""军绿色500Ml"", ""军绿色JK字母1000ml"", ""红色500ml"", ""红绿蓝运动款1100ml"", ""银色JK字母1000ml"", ""红色1000ml"", ""黑蓝色1000ml"", ""军绿色1000ml"", ""黑蓝色500ml"", ""红绿蓝运动款650ml"", ""黑蓝色JK字母750ml"", ""黑蓝色JK字母1000ml"", ""红色JK字母1000ml"", ""红色JK字母750ml"", ""银色500ml"", ""军绿色750ml"", ""黑蓝色750ml"", ""银色1000ml"", ""红绿蓝运动款850ml"", ""军绿色JK字母750ml"", ""银色JK字母750ml""], ""品牌"": [""other/其他""], ""杯子样式"": [""直身杯""], ""保温时长"": [""12小时(含)-24小时(不含)""], ""适用空间"": [""户外""], ""适用人群"": [""大众""], ""适用场景"": [""日常送礼""], ""主图来源"": [""自主实拍图""], ""产地"": [""其他""], ""容量"": [""701mL(含)-800mL(含)""], ""保温产品"": [""保温杯""], ""是否带吸管"": [""否""], ""流行元素"": [""纯色""], ""型号"": [""750""], ""风格"": [""欧式""], ""材质"": [""304不锈钢""]}",data/images/week1_v3/597300459437.webp,1,1,
593711150367,家居日用,保温杯,保温杯,新款创意不锈钢汽车杯30oz保温杯创意水杯便携卡通冰霸杯定制logo,"{""保温时长"": [""6小时42度以上""], ""颜色分类"": [""A6"", ""吸管三件套"", ""叮当3"", ""黄3"", ""杯套叮当"", ""A8"", ""A5"", ""K3"", ""A9"", ""A4"", ""叮当1"", ""A7"", ""叮当2"", ""A3"", ""K1"", ""A1"", ""黄1"", ""K2"", ""叮当4"", ""A2"", ""K4"", ""黄4"", ""黄2"", ""杯套KT""], ""主图来源"": [""自主实拍图""], ""品牌"": [""/""], ""包装体积"": [""54*54*23""], ""毛重"": [""500g""], ""产地"": [""中国大陆""], ""容量"": [""801mL(含)-900mL(含)""], ""杯子容量值"": [""900mL""], ""型号"": [""/""], ""杯子样式"": [""大肚杯""], ""保温性能描述"": [""12小时左右""], ""材质"": [""304不锈钢""]}",data/images/week1_v3/593711150367.webp,1,1,
583156468306,家居日用,保温杯,保温杯,迪士尼儿童保温杯带吸管两用幼儿园小学生防摔水杯漫威蜘蛛侠水壶,"{""容量"": [""301mL(含)-400mL(含)""], ""颜色分类"": [""红蜘蛛侠380ML【双盖耐摔-升级316不锈钢】"", ""粉色苏菲480ML【单盖耐摔-升级316不锈钢】"", ""透明苏菲480ML【双盖耐摔-升级316不锈钢】"", ""透明米奇380ML【双盖耐摔-升级316不锈钢】"", ""透明米妮480ML【双盖耐摔-升级316不锈钢】"", ""紫色苏菲480ML【双盖耐摔-升级304不锈钢】"", ""蓝色蜘蛛500ML【双盖耐摔-升级316不锈钢】"", ""透明米奇480ML【双盖耐摔-升级316不锈钢】"", ""蓝色蜘蛛480ML【双盖耐摔-升级316不锈钢】"", ""蓝色美队480ML【双盖耐摔-升级316不锈钢】"", ""蓝色米奇480ML【双盖耐摔-升级316不锈钢】"", ""红色美队500ML【双盖耐摔-升级316不锈钢】"", ""蓝色蜘蛛380ML【双盖耐摔-升级316不锈钢】"", ""红色蜘蛛500ML【双盖耐摔-升级316不锈钢】"", ""蓝色米奇380ML【双盖耐摔-升级316不锈钢】"", ""粉色米妮480ML【双盖耐摔-升级316不锈钢】"", ""蓝蜘蛛侠480ML【单盖耐摔-升级316不锈钢】"", ""红蜘蛛侠480ML【单盖耐摔-升级316不锈钢】"", ""蓝色美队480ML【单盖耐摔-升级316不锈钢】"", ""红色美队380ML【双盖耐摔-升级316不锈钢】"", ""蓝色蜘蛛400ML【双盖耐摔-升级316不锈钢】"", ""红色蜘蛛480ML【双盖耐摔-升级316不锈钢】"", ""蓝色米奇480ML【单盖耐摔-升级316不锈钢】"", ""粉色苏菲380ML【单盖耐摔-升级316不锈钢】""], ""产地"": [""中国大陆""], ""型号"": [""XM-7017+组合""], ""保温产品"": [""保温杯""], ""主图来源"": [""自主实拍图""], ""保温性能描述"": [""12小时42度以上""], ""材质"": [""316不锈钢""], ""品牌"": [""Disney/迪士尼""], ""保温时长"": [""6小时(含)-12小时(不含)""], ""杯子样式"": [""直身杯""]}",data/images/week1_v3/583156468306.webp,1,1,
520800024832,家居日用,垃圾桶,垃圾桶,垃圾桶无盖家用带压圈大号厨房卫生间厕所办公室简约酒店商用纸篓,"{""形状"": [""圆桶形""], ""货号"": [""055207""], ""颜色分类"": [""8672北欧粉10L(压圈款)"", ""5886经典棕色10L"", ""8672北欧蓝10L(压圈款)"", ""8672北欧米10L(压圈款)"", ""5886经典绿色10L""], ""垃圾桶类型"": [""纸篓""], ""外壳材质"": [""塑料""], ""品牌"": [""泰禾""], ""开合方式"": [""无盖""], ""适用场景"": [""家庭使用""], ""容量"": [""9L""]}",data/images/week1_v3/520800024832.webp,1,1,
581200188374,家居日用,垃圾桶,垃圾桶,卫生间按压式垃圾桶家用厕所北欧简约有盖大号创意厨房窄缝垃圾筒,"{""垃圾桶类型"": [""纸篓""], ""货号"": [""cj-c392""], ""颜色分类"": [""白色"", ""专用定制背心式垃圾袋6卷"", ""黑色"", ""卡其色""], ""开合方式"": [""触摸式""], ""外壳材质"": [""塑料""], ""适用场景"": [""家庭使用""], ""品牌"": [""欧百纳""], ""容量"": [""9L""]}",data/images/week1_v3/581200188374.webp,1,1,
595662770039,家居日用,垃圾桶,垃圾桶,塑料垃圾桶家用客厅卧室按压式厨房卫生间夹缝垃圾桶大号有盖纸篓,"{""颜色分类"": [""深卡其布色"", ""浅灰色"", ""桔色"", ""浅黄色""], ""货号"": [""好一家新款垃圾桶""], ""适用场景"": [""家庭使用""], ""形状"": [""圆桶形""], ""外壳材质"": [""塑料""], ""容量"": [""8L""], ""垃圾桶类型"": [""收纳桶""], ""品牌"": [""在水一方""], ""开合方式"": [""按压式""]}",data/images/week1_v3/595662770039.webp,1,1,
623432260895,家居日用,垃圾桶,感应垃圾桶,北欧风智能家用手动碰击感应一挥翻盖电池/USB百搭多彩方形垃圾桶,"{""适用场景"": [""家庭使用""], ""颜色分类"": [""红色"", ""粉红色"", ""花色"", ""天蓝色"", ""蓝色"", ""白色""], ""品牌"": [""森活色彩""], ""形状"": [""长筒形""], ""容量"": [""14l""], ""外壳材质"": [""塑料""], ""货号"": [""ZN-010B""]}",data/images/week1_v3/623432260895.webp,1,1,
610642526312,家居日用,垃圾桶,感应垃圾桶,智能垃圾桶带盖家用客厅高档轻奢风茶几书房创意全自动感应拉圾筒,"{""颜色分类"": [""紫色"", ""绿色"", ""花色"", ""蓝色"", ""紫罗兰"", ""深紫色"", ""粉红色"", ""浅灰色"", ""浅绿色"", ""巧克力色"", ""深蓝色"", ""浅黄色"", ""天蓝色"", ""褐色"", ""深灰色"", ""军绿色"", ""透明"", ""白色"", ""深卡其布色"", ""红色"", ""桔色""], ""外壳材质"": [""不锈钢""], ""货号"": [""GYT-2ACDwsN""], ""品牌"": [""欧本""], ""容量"": [""12L""], ""形状"": [""圆桶形""], ""洲"": [""欧洲""], ""适用场景"": [""家庭使用""]}",data/images/week1_v3/610642526312.webp,1,1,
622823729959,家居日用,拖把,平板拖把,拖把家用一拖净免手洗懒人地拖神器干湿两用平板拖布桶墩布刮刮乐,"{""拖把杆的承重"": [""10KG以上""], ""电源方式"": [""手动""], ""颜色分类"": [""蓝色"", ""深灰色"", ""红色"", ""粉红色"", ""浅黄色"", ""深卡其布色""], ""品牌"": [""家杰优品""], ""杆材质"": [""不锈钢""], ""拖布材质"": [""超细纤维""], ""耐腐蚀度"": [""10级""], ""尘推类型"": [""粘扣式""], ""吸水性"": [""10s以下""], ""型号"": [""JJ-A50""]}",data/images/week1_v3/622823729959.webp,1,1,
540304335514,家居日用,拖把,旋转拖把,拓扑大卫旋转拖把桶Q5小净士S15拓朴双驱动拖布L011免手洗好神拖,"{""吸水性"": [""10s以下""], ""拖把杆类型"": [""提升杆+塑料盘"", ""提升杆+不锈钢盘""], ""驱动类型"": [""双驱动""], ""包装重量"": [""5kg""], ""个数"": [""二个""], ""杆材质"": [""不锈钢""], ""品牌"": [""TOPOTO/拓朴""], ""颜色分类"": [""绿色(原装2只+赠3只)共5布头"", ""桔色(原装2只+赠3只)共5布头""], ""拖布材质"": [""超细纤维""], ""脱水率"": [""80%(含)-90%(不含)""], ""配件类型"": [""金属篮""], ""拖把杆的承重"": [""10KG以上""], ""电源方式"": [""手动""], ""型号"": [""Q5""]}",data/images/week1_v3/540304335514.webp,1,1,
603006821954,家居日用,拖把,胶棉拖把,海绵拖把吸水胶棉拖把头家用对折挤水免手洗地拖布大号一拖净神器,"{""杆材质"": [""不锈钢""], ""品牌"": [""艺之初""], ""脱水率"": [""70%(含)-80%(不含)""], ""适用空间"": [""卧室""], ""挤水方式"": [""对折式""], ""颜色分类"": [""对折胶棉拖把小号"", ""对折胶棉拖把大号"", ""替换胶棉头2块大号"", ""替换胶棉头2块小号""], ""型号"": [""对折拖把P9""], ""拖把杆的承重"": [""10KG以上""]}",data/images/week1_v3/603006821954.webp,1,1,
593081964628,家居日用,拖把,旋转拖把,大卫拖把家用单桶旋转拖把桶自动免手洗拖布干湿两用赖人墩布拓扑,"{""拖把价格"": [""180-390元""], ""杆材质"": [""不锈钢""], ""拖把杆的承重"": [""10KG以上""], ""驱动类型"": [""单驱动""], ""伸缩长度"": [""99cm--127cm""], ""拖把桶尺寸"": [""24.5cm*29cm""], ""拖把杆类型"": [""提升杆+塑料盘""], ""品牌"": [""大卫""], ""型号"": [""N11""], ""个数"": [""二个""], ""电源方式"": [""手动""], ""吸水性"": [""10s以下""], ""配件类型"": [""塑料篮""], ""脱水率"": [""80%(含)-90%(不含)""], ""拖布材质"": [""超细纤维""], ""颜色分类"": [""白色""], ""耐腐蚀度"": [""10级""]}",data/images/week1_v3/593081964628.webp,1,1,
605030251213,家居日用,拖把,胶棉拖把,大卫海绵吸水拖把家用对折式免手洗懒人可伸缩杆地拖布胶棉头替换,"{""耐腐蚀度"": [""10级""], ""颜色分类"": [""白色""], ""品牌"": [""大卫""], ""型号"": [""M6""], ""脱水率"": [""70%(含)-80%(不含)""], ""拖把杆的承重"": [""10KG以上""], ""挤水方式"": [""对折式""], ""杆材质"": [""不锈钢""]}",data/images/week1_v3/605030251213.webp,1,1,
617361888092,家居日用,收纳箱,收纳箱,1米超大号塑料周转箱长方形加厚带盖EU胶箱物流储物水产养龟鱼缸,"{""尺寸"": [""中号"", ""32cmx22cmx16cm"", ""80*60*40 cm"", ""40*40*25 cm""], ""容量"": [""1L""], ""颜色分类"": [""深紫色"", ""粉红色"", ""军绿色"", ""桔色"", ""浅黄色""], ""型号"": [""大号物流箱""], ""材质"": [""塑料""], ""货号"": [""1200""], ""流行元素"": [""纯色""], ""适用人群"": [""大众""], ""产品出口必备单证"": [""无""], ""净重"": [""3kg""], ""品牌"": [""以内利""], ""产地"": [""中国大陆""], ""地市"": [""常州市""], ""适用空间"": [""户外""], ""风格"": [""中式""], ""省份"": [""江苏省""], ""是否手工"": [""否""]}",data/images/week1_v3/617361888092.webp,1,1,
43186368462,家居日用,收纳箱,收纳箱,大中小透明衣服收纳箱塑料储物箱家用有盖棉被子整理箱子三件套,"{""尺寸"": [""小号""], ""颜色分类"": [""浅绿色"", ""天蓝色"", ""桔色"", ""透明"", ""浅灰色"", ""军绿色"", ""巧克力色""], ""适用对象"": [""耳机线/电线"", ""磁卡"", ""包包"", ""遥控器"", ""卫生棉/卫生巾"", ""内衣"", ""其他"", ""化妆用品/首饰""], ""型号"": [""0030""], ""材质"": [""塑料""], ""净重"": [""0.5kg""], ""货号"": [""961""], ""品牌"": [""倍亿多""]}",data/images/week1_v3/43186368462.webp,1,1,
607118193181,家居日用,收纳箱,收纳箱,加厚特四方幼儿园熟胶内衣加长收纳箱学生塑料笑脸桌面型打包棉被,"{""净重"": [""0.5kg""], ""尺寸"": [""50*40*30 cm"", ""60*40*30 cm"", ""大号"", ""特大号"", ""80*60*40 cm"", ""45*35*23 cm"", ""40*40*25 cm"", ""33*15*85 cm"", ""32cmx22cmx16cm"", ""中号"", ""小号""], ""颜色分类"": [""军绿色"", ""天蓝色"", ""蓝色"", ""巧克力色""], ""品牌"": [""沐春""], ""型号"": [""无""], ""货号"": [""157285409063157""], ""材质"": [""塑料""]}",data/images/week1_v3/607118193181.webp,1,1,
23644468567,家居日用,收纳箱,收纳箱,包邮康多多satto清洁工具收纳箱拖地水桶清洁桶储物箱山崎白 棕色,"{""货号"": [""收纳箱""], ""颜色分类"": [""白色收纳箱+蓝色内桶"", ""咖啡色收纳箱+蓝色内桶"", ""咖啡色"", ""白色""], ""适用人群"": [""大众""], ""材质"": [""塑料""], ""品牌"": [""康多多 CONDOR""], ""尺寸"": [""18*25*36CM""], ""适用空间"": [""客厅"", ""户外"", ""车载"", ""卧室""], ""净重"": [""1.2kg""], ""风格"": [""日式""], ""款式"": [""手提""], ""适用对象"": [""其他""], ""容量"": [""10.5L""], ""型号"": [""satto""]}",data/images/week1_v3/23644468567.webp,1,1,
563305085822,家居日用,收纳箱,收纳箱,禧天龙6032透明塑料箱书籍储物箱加厚抗压车载箱整理箱养殖箱 58L,"{""型号"": [""X6032""], ""尺寸"": [""66*44.1*30.3CM""], ""货号"": [""6032""], ""材质"": [""塑料""], ""国家/地区"": [""新加坡""], ""是否手工"": [""否""], ""洲"": [""亚洲""], ""颜色分类"": [""高透明+白""], ""品牌"": [""Citylong/禧天龙""], ""适用人群"": [""大众""], ""流行元素"": [""小清新""], ""净重"": [""3.2KG""]}",data/images/week1_v3/563305085822.webp,1,1,
557956882210,3C数码,移动电源,移动电源,罗马仕15000毫安移动电源便携式充电宝手机通用可以上飞机过安检,"{""是否支持无线充电"": [""否""], ""是否带充电插头"": [""否""], ""型号"": [""sense4+""], ""颜色分类"": [""白色""], ""智能类型"": [""不支持智能""], ""充电协议"": [""其他"", ""QC2.0"", ""PD3.0"", ""QC3.0"", ""pd2.0""], ""是否带数据线"": [""是""], ""附加功能"": [""多U口输出""], ""品牌"": [""ROMOSS/罗马仕""], ""电芯类型"": [""软包""], ""最大输出功率"": [""18W""], ""外壳材质"": [""塑料""], ""尺寸"": [""138x62x21mm""], ""是否带屏幕"": [""不带屏幕""], ""电池容量"": [""10000mAh""], ""电池类型"": [""锂离子电池""]}",data/images/week1_v3/557956882210.webp,1,1,
614151995656,3C数码,移动电源,移动电源,50000毫安超大量充电宝适用于MIUI苹果vivo华为OPPO手机通用专用快充闪充便携快充闪充正品5万移动电源,"{""型号"": [""50000-M.""], ""颜色分类"": [""优雅白"", ""中国红"", ""炫酷黑""], ""电池容量"": [""50000MAH""], ""生产企业"": [""深圳市东方天悦电子科技有限公司""], ""电池类型"": [""锂聚合物电池""], ""充电协议"": [""其他""], ""品牌"": [""DAIRNIM/黛尔尼曼""], ""尺寸"": [""138x67x39mm""], ""外壳材质"": [""塑料""]}",data/images/week1_v3/614151995656.jpg,1,1,
554553278267,3C数码,移动电源,移动电源,背夹充电宝大容量苹果X电池超薄20000毫安iphone11专用8plus6手机壳一体充通用XSMAX无线移动电源7P夹背式6sp,"{""颜色分类"": [""6P/6sP/7P/8P【土豪金5.5寸】2万毫安✅进口电芯提速100%"", ""i6/6s/7/8/SE【钻石蓝4.7寸】液态硅胶✅进口电芯提速100%"", ""6P/6sP/7P/8P【玫瑰金5.5寸】2万毫安✅进口电芯提速100%"", ""苹果XsMax【象牙白6.5寸】液态硅胶✅进口电芯提速100%"", ""6P/6sP/7P/8P【磨砂黑5.5寸】液态硅胶✅进口电芯提速100%"", ""苹果12 Pro 【樱花粉6.1寸】液态硅胶✅进口电芯提速100%"", ""苹果11 Pro【钻石蓝5.8寸】液态硅胶✅进口电芯提速100%"", ""苹果11【磨砂黑6.1寸】液态硅胶✅进口电芯提速100%"", ""苹果11 Pro max【磨砂黑6.5寸】液态硅胶✅进口电芯提速100%"", ""苹果11 Pro max【钻石蓝6.5寸】液态硅胶✅进口电芯提速100%"", ""苹果X/XS专用【樱花粉5.8寸】听歌款✅进口电芯提速100%"", ""苹果XR【象牙白6.1寸】液态硅胶✅进口电芯提速100%"", ""苹果11 Pro max【象牙白6.5寸】液态硅胶✅进口电芯提速100%"", ""i6/6s/7/8/SE【磨砂黑4.7寸】液态硅胶✅进口电芯提速100%"", ""苹果11 Pro【磨砂黑5.8寸】液态硅胶✅进口电芯提速100%"", ""苹果12 Pro Max 【象牙白6.7寸】液态硅胶✅进口电芯提速100%"", ""苹果12 【樱花粉6.1寸】液态硅胶✅进口电芯提速100%"", ""6P/6sP/7P/8P【钻石蓝5.5寸】液态硅胶✅进口电芯提速100%"", ""i6/6s/7/8/SE【象牙白4.7寸】2万毫安✅进口电芯提速100%"", ""苹果12 Pro 【钻石蓝6.1寸】液态硅胶✅进口电芯提速100%"", ""苹果11【钻石蓝6.1寸】液态硅胶✅进口电芯提速100%"", ""苹果XR【磨砂黑6.1寸】液态硅胶✅进口电芯提速100%"", ""苹果X/XS专用【象牙白5.8寸】听歌款✅进口电芯提速100%"", ""苹果12 Pro Max 【磨砂黑6.7寸】液态硅胶✅进口电芯提速100%"", ""苹果12 mini【钻石蓝5.4寸】液态硅胶✅进口电芯提速100%"", ""i6/6s/7/8/SE【土豪金4.7寸】2万毫安✅进口电芯提速100%"", ""6P/6sP/7P/8P【象牙白5.5寸】2万毫安✅进口电芯提速100%"", ""i6/6s/7/8/SE【中国红4.7寸】2万毫安✅进口电芯提速100%"", ""苹果11 Pro【象牙白5.8寸】液态硅胶✅进口电芯提速100%"", ""苹果12 【钻石蓝6.1寸】液态硅胶✅进口电芯提速100%"", ""苹果X/XS专用【磨砂黑5.8寸】听歌款✅进口电芯提速100%"", ""苹果12 【磨砂黑6.1寸】液态硅胶✅进口电芯提速100%"", ""苹果12 Pro Max 【樱花粉6.7寸】液态硅胶✅进口电芯提速100%"", ""苹果12 【象牙白6.1寸】液态硅胶✅进口电芯提速100%"", ""苹果11【象牙白6.1寸】液态硅胶✅进口电芯提速100%"", ""6P/6sP/7P/8P【磨砂黑5.5寸】2万毫安✅进口电芯提速100%"", ""苹果XsMax【磨砂黑6.5寸】液态硅胶✅进口电芯提速100%"", ""苹果12 mini【磨砂黑5.4寸】液态硅胶✅进口电芯提速100%"", ""苹果12 Pro 【磨砂黑6.1寸】液态硅胶✅进口电芯提速100%"", ""苹果12 Pro 【象牙白6.1寸】液态硅胶✅进口电芯提速100%"", ""苹果12 Pro Max 【钻石蓝6.寸】液态硅胶✅进口电芯提速100%"", ""苹果X/XS专用【钻石蓝5.8寸】听歌款✅进口电芯提速100%"", ""苹果12 mini【象牙白5.4寸】液态硅胶✅进口电芯提速100%"", ""6P/6sP/7P/8P【中国红5.5寸】2万毫安✅进口电芯提速100%"", ""苹果12 mini【樱花粉5.4寸】液态硅胶✅进口电芯提速100%"", ""i6/6s/7/8/SE【象牙白4.7寸】液态硅胶✅进口电芯提速100%"", ""6P/6sP/7P/8P【象牙白5.5寸】液态硅胶✅进口电芯提速100%"", ""i6/6s/7/8/SE【磨砂黑4.7寸】2万毫安✅进口电芯提速100%"", ""i6/6s/7/8/SE【玫瑰金4.7寸】2万毫安✅进口电芯提速100%""], ""型号"": [""P6 P7通用原装系列""], ""电芯类型"": [""软包""], ""电池类型"": [""锂聚合物电池""], ""品牌"": [""xeenda""], ""尺寸"": [""140x70x13mm""], ""电池容量"": [""20000mAh""], ""充电协议"": [""其他""], ""外壳材质"": [""塑料""], ""生产企业"": [""深圳市延步科技有限公司""]}",data/images/week1_v3/554553278267.webp,1,1,
559969203196,3C数码,移动电源,移动电源,MIPOW苹果手机自带线二合一移动电源 Apple iWatch无线磁力充电宝,"{""尺寸"": [""42x22x12mm""], ""型号"": [""SPL11W2""], ""电池容量"": [""6000MAH""], ""颜色分类"": [""灰色"", ""玫瑰金""], ""电芯类型"": [""圆柱状铝壳""], ""品牌"": [""MIPOW""], ""电池类型"": [""锂聚合物电池""], ""外壳材质"": [""合金""], ""附加功能"": [""带插头""]}",data/images/week1_v3/559969203196.webp,1,1,
623667365866,3C数码,移动电源,移动电源,无线充电宝20000毫安自带线迷你超薄小巧便携大容量移动电源PD快充18W适用苹果专用华为石墨烯超大量1000000,"{""颜色分类"": [""大容量款&20000毫安&尊享版充电更快(墨绿色)"", ""大容量款&20000毫安&尊享版充电更快(月光白)"", ""大容量款&20000毫安(月光白)"", ""轻薄款&10000毫安(复古黑)"", ""大容量款&20000毫安(墨绿色)"", ""轻薄款&10000毫安&尊享版充电更快(墨绿色)"", ""大容量款&20000毫安(复古黑)"", ""↑↑以上10000毫安↓↓以下20000毫安"", ""轻薄款&10000毫安&尊享版充电更快(月光白)"", ""轻薄款&10000毫安(月光白)"", ""轻薄款&10000毫安(墨绿色)"", ""轻薄款&10000毫安&尊享版充电更快(复古黑)"", ""大容量款&20000毫安&尊享版充电更快(复古黑)""], ""附加功能"": [""多U口输出"", ""支持快充"", ""液晶显示"", ""带插头"", ""无线充电""], ""型号"": [""P1""], ""充电协议"": [""QC3.0"", ""QC2.0"", ""PD3.0"", ""pd2.0"", ""QC4.0""], ""尺寸"": [""145x65x20mm""], ""是否带充电插头"": [""是""], ""电池容量"": [""20000mAh""], ""外壳材质"": [""塑料""], ""生产企业"": [""深圳市佰鑫阳科技有限公司""], ""电池类型"": [""锂聚合物电池""], ""是否带屏幕"": [""带屏幕""], ""是否带数据线"": [""是""], ""电芯类型"": [""软包""], ""品牌"": [""奥西卡""], ""最大输出功率"": [""18W""], ""是否支持无线充电"": [""是""], ""智能类型"": [""阿里智能""]}",data/images/week1_v3/623667365866.webp,1,1,
19155251622,3C数码,耳机,耳机/耳麦,Yamaha/雅马哈HPH-200监听录音耳机头戴式电鼓电钢琴通用耳机,"{""套餐类型"": [""官方标配""], ""材质"": [""塑料""], ""插头直径"": [""3.5mm""], ""佩戴方式"": [""头戴式""], ""耳机类别"": [""普通耳机"", ""监听耳机""], ""型号"": [""HPH-200""], ""耳机插头类型"": [""直插""], ""颜色分类"": [""黑色""], ""是否有麦克风"": [""无""], ""是否无线"": [""有线""], ""是否线控"": [""是""], ""耳机输出音源"": [""随身视听""], ""保修期"": [""12个月""], ""线长"": [""1.2m""], ""品牌"": [""Yamaha/雅马哈""], ""售后服务"": [""全国联保""], ""生产企业"": [""雅马哈""]}",data/images/week1_v3/19155251622.webp,1,1,
605014950464,3C数码,耳机,耳机/耳麦,46级英语考试四级听力耳机 四六级无线耳机头戴式耳麦调频收音机,"{""颜色分类"": [""白色充电款(支持蓝牙)E"", ""黑色充电款(支持蓝牙)M"", ""黑色蓝牙充电"", ""红色蓝牙充电"", ""黑色充电款(支持蓝牙)+收纳包S"", ""白色充电款(支持蓝牙)+收纳包B"", ""黑色+手机带麦线+电池+耳机包X"", ""黑色+手机带麦线+电池Q"", ""白色+电池J"", ""黑色电池"", ""黑色+电池N"", ""红色电池"", ""白色+手机带麦线+电池+耳机包R"", ""白色+手机带麦线+电池F""], ""插头直径"": [""无线""], ""线长"": [""0""], ""是否无线"": [""无线""], ""耳机插头类型"": [""蓝牙""], ""是否线控"": [""否""], ""耳机输出音源"": [""通讯设备""], ""型号"": [""aiben""], ""品牌"": [""other/其他""], ""适用音乐类型"": [""ACG动漫游戏控类型""], ""耳机类别"": [""HIFI耳机"", ""主动降噪耳机""], ""兼容平台"": [""ANDROID"", ""iOS""], ""套餐类型"": [""官方标配""]}",data/images/week1_v3/605014950464.webp,1,1,
619231434600,3C数码,耳机,蓝牙耳机,骨传导耳机升级版自带8G内存骨传感蓝牙耳机原装正品防水防汗户外运动跑步耳机安卓苹果手机通用,"{""颜色分类"": [""【黑色】原装正品质保三年用坏免费换新"", ""【白色】原装正品质保三年用坏免费换新"", ""【黑色升级版】自带8G内存不带手机也可听歌"", ""【绿色】原装正品质保三年用坏免费换新""], ""产地"": [""中国大陆""], ""防水性能"": [""IPX6""], ""上市时间"": [""2020-05-01""], ""省份"": [""广东省""], ""待机时间"": [""15天""], ""保修期"": [""36个月""], ""型号"": [""骨传感-J20蓝牙耳机""], ""传输半径"": [""10m""], ""功能"": [""通话功能""], ""佩戴方式"": [""骨传导""], ""智能类型"": [""其他智能""], ""声道"": [""2""], ""套餐类型"": [""官方标配""], ""材质"": [""金属""], ""地市"": [""深圳市""], ""防尘性能"": [""IP5X""], ""生产企业"": [""深圳市斯威尔科技有限公司""], ""耳机与播放设备连接方式"": [""蓝牙连接""], ""蓝牙版本"": [""5.0""], ""耳机类别"": [""骨传导耳机""], ""耳机左右腔体间连接方式"": [""无线连接""], ""品牌"": [""骨传感""], ""是否单双耳"": [""双边立体声""]}",data/images/week1_v3/619231434600.jpg,1,1,
533637510200,3C数码,耳机,耳机/耳麦,AKG/爱科技 N20 20u入耳式耳机耳塞 HIFI线控耳麦通话通用k歌录音,"{""材质"": [""塑料与金属结合""], ""兼容平台"": [""iOS"", ""WindowsMobile"", ""ANDROID""], ""保修期"": [""12个月""], ""颜色分类"": [""银色"", ""金色"", ""黑色"", ""深灰色"", ""香槟金色""], ""品牌"": [""AKG/爱科技""], ""适用音乐类型"": [""人声女声流行风类型""], ""售后服务"": [""全国联保""], ""耳机输出音源"": [""HiFi""], ""插头直径"": [""3.5mm""], ""生产企业"": [""哈曼""], ""耳机类别"": [""HIFI耳机"", ""手机线控耳机""], ""AKG耳机型号"": [""N20""], ""线长"": [""1.2米""], ""套餐类型"": [""官方标配""], ""佩戴方式"": [""入耳式""], ""是否线控"": [""是""], ""是否无线"": [""有线""], ""耳机插头类型"": [""直插""], ""频响范围"": [""12-24000Hz""]}",data/images/week1_v3/533637510200.webp,1,1,
619658025471,3C数码,耳机,耳机/耳麦,Audio Technica/铁三角ATH-AR3BT无线蓝牙头戴式带麦三玖同款耳机,"{""灵敏度"": [""97dB/mW""], ""适用音乐类型"": [""人声女声流行风类型""], ""耳机类别"": [""无线耳机""], ""是否无线"": [""无线""], ""生产企业"": [""铁三角大中华有限公司""], ""铁三角耳机型号"": [""ATH-AR3BT""], ""保修期"": [""12个月""], ""插头直径"": [""无线""], ""阻抗"": [""41Ω""], ""是否线控"": [""耳机机身按键控制""], ""是否有麦克风"": [""有""], ""佩戴方式"": [""头戴式""], ""线长"": [""1.2m""], ""频响范围"": [""5-35000Hz""], ""颜色分类"": [""白 色"", ""黑色"", ""红色"", ""蓝色""], ""品牌"": [""Audio Technica/铁三角""], ""兼容平台"": [""iOS"", ""WindowsMobile"", ""ANDROID""], ""材质"": [""塑料""], ""耳机发声原理"": [""动圈""], ""耳机输出音源"": [""HiFi""], ""售后服务"": [""全国联保""], ""耳机插头类型"": [""蓝牙""], ""套餐类型"": [""官方标配""]}",data/images/week1_v3/619658025471.webp,1,1,
615938971838,3C数码,键盘,键盘,诚心价HP/笔记本K500机械手感键盘惠普台式电脑有线外接办公爆款,"{""接口类型"": [""USB""], ""颜色分类"": [""黑色彩光【经典版】加鼠标"", ""白色彩光【经典版】加鼠标"", ""黑色彩光【复古版】加鼠标"", ""白色彩光【 复古版 】"", ""黑色彩光【 复古版 】"", ""白色彩光【复古版】加鼠标"", ""黑色彩光【 经典版 】"", ""白色彩光【 经典版 】""], ""套餐类型"": [""官方标配""], ""型号"": [""K500""], ""上市时间"": [""2020-01-04""], ""是否支持人体工程学"": [""支持""], ""成色"": [""全新""], ""是否机械键盘"": [""否""], ""有无手托"": [""无""], ""售后服务"": [""全国联保""], ""品牌"": [""HP/惠普""], ""是否无线"": [""有线""], ""是否有多媒体功能键"": [""有""]}",data/images/week1_v3/615938971838.webp,1,1,
561789910068,3C数码,键盘,键盘,龙之影|Cherry/樱桃MX-BOARD 1.0RGB背光游戏机械键盘3811/3810,"{""颜色分类"": [""MX1.0 白光 红轴"", ""MX1.0 RGB-87键-红轴"", ""MX1.0 RGB-87键-黑轴"", ""MX1.0 无光 黑轴"", ""MX1.0 白光 黑轴"", ""MX1.0 白光-108键-青轴"", ""MX1.0 RGB-87键-茶轴"", ""MX1.0 白光 青轴"", ""MX1.0 无光 青轴"", ""MX1.0 白光-108键-红轴"", ""MX1.0 RGB-108键-红轴"", ""MX1.0 白光 茶轴"", ""MX1.0 无光 茶轴"", ""MX1.0 RGB-108键-青轴"", ""MX1.0 无光 红轴"", ""MX1.0 RGB-87键-青轴""], ""型号"": [""MX-BOARD 1.0 TKL""], ""售后服务"": [""全国联保""], ""是否有多媒体功能键"": [""有""], ""是否支持人体工程学"": [""支持""], ""是否机械键盘"": [""是""], ""品牌"": [""CHERRY""], ""有无手托"": [""有""], ""套餐类型"": [""官方标配""], ""包装体积"": [""盒装""], ""成色"": [""全新""], ""接口类型"": [""USB""], ""是否无线"": [""有线""]}",data/images/week1_v3/561789910068.webp,1,1,
531625957041,3C数码,键盘,键盘,宜博K729机械键盘青轴LOL/cf网咖网吧104键吃鸡CF金属七彩跑马灯,"{""颜色分类"": [""银黑色-青轴"", ""银黑色-茶轴"", ""银黑色-黑轴"", ""土豪金钢铁侠版本RGB-黑轴"", ""银黑色-红轴"", ""104键朋克版本版本留言"", ""美国队长RGB-青轴"", ""土豪金钢铁侠版本RGB-青轴"", ""蓝白色-青轴""], ""品牌"": [""E-3LUE/宜博""], ""套餐类型"": [""官方标配""], ""售后服务"": [""全国联保""], ""是否无线"": [""有线""], ""型号"": [""k729""], ""是否有多媒体功能键"": [""有""], ""是否机械键盘"": [""是""], ""成色"": [""全新""], ""接口类型"": [""USB""], ""有无手托"": [""有""], ""是否支持人体工程学"": [""支持""]}",data/images/week1_v3/531625957041.png,1,1,
544952808827,3C数码,键盘,键盘,飞利浦键盘有线游戏USB笔记本台式电脑静商务音办公家用机械手感打字外接电竞吃鸡防水薄膜人体工学外设健盘,"{""毛重"": [""700g""], ""保修期"": [""24个月""], ""颜色分类"": [""舒适版键鼠套装☆欧版设计-按键静音"", ""[收藏+购物车]送防滑鼠标垫+2年质保"", ""舒适版☆加宽大手托-机械手感-悬浮按键"", ""皇家版☆简约边框-机械手感-悬浮按键"", ""皇家版键鼠套装☆欧版设计-按键静音""], ""有无手托"": [""有""], ""是否机械键盘"": [""否""], ""飞利浦型号"": [""SOK6202""], ""是否有多媒体功能键"": [""无""], ""成色"": [""全新""], ""接口类型"": [""USB""], ""套餐类型"": [""官方标配""], ""售后服务"": [""全国联保""], ""品牌"": [""Philips/飞利浦""], ""是否无线"": [""有线""], ""是否支持人体工程学"": [""支持""]}",data/images/week1_v3/544952808827.webp,1,1,新入选样本复核：图片为飞利浦独立外接键盘，与标题和品类一致
618483666008,3C数码,键盘,键盘,CHERRY樱桃G80-3000S TKL办公游戏机械键盘87键黑轴青轴茶轴红轴,"{""颜色分类"": [""无光-白色-黑轴"", ""无光-白色-茶轴"", ""无光-白色-青轴"", ""RGB彩光-黑色青轴"", ""无光-黑色-黑轴"", ""无光-白色-红轴"", ""无光-黑色-红轴"", ""无光-黑色-青轴"", ""RGB彩光-黑色黑轴"", ""无光-黑色-茶轴"", ""RGB彩光-黑色茶轴"", ""RGB彩光-黑色红轴""], ""成色"": [""全新""], ""型号"": [""G80-3000 S TKL""], ""是否无线"": [""有线""], ""接口类型"": [""USB""], ""是否有多媒体功能键"": [""有""], ""轴体"": [""红轴""], ""品牌"": [""CHERRY""], ""套餐类型"": [""官方标配""], ""是否机械键盘"": [""是""], ""上市时间"": [""2020-06-01""], ""保修期"": [""24个月""], ""有无手托"": [""无""], ""售后服务"": [""全国联保""], ""是否支持人体工程学"": [""支持""]}",data/images/week1_v3/618483666008.webp,1,1,新入选样本复核：图片为CHERRY 87键独立机械键盘，与标题和品类一致
603138042001,3C数码,鼠标,无线鼠标,联想340C/G510适用无线蓝牙鼠标可充电静音笔记本可爱女办公家用,"{""型号"": [""其他/other""], ""滚轮数"": [""1个""], ""成色"": [""全新""], ""颜色分类"": [""三模Type-c版 送布垫瓷感白"", ""双模蓝牙4.0版 送金属垫—太空银"", ""三模Type-c版 送布垫磨砂黑"", ""单模接收器版 送布垫—瓷感白"", ""双模蓝牙4.0版 送金属垫—瓷感白"", ""双模蓝牙4.0版 送布垫—瓷感白"", ""双模蓝牙4.0版 送金属垫—土豪金"", ""双模蓝牙4.0版 送布垫—太空银"", ""单模接收器版 送布垫—太空银"", ""单模接收器版 送布垫—鲜艳红"", ""单模接收器版 送布垫—玫瑰金"", ""双模蓝牙4.0版 送布垫—土豪金"", ""单模接收器版 送金属垫—太空银"", ""单模接收器版 送金属垫—磨砂黑"", ""单模接收器版 送金属垫—玫瑰金"", ""双模蓝牙4.0版 送金属垫—磨砂黑"", ""三模Type-c版 送布垫太空银"", ""单模接收器版 送金属垫—土豪金"", ""单模接收器版 送布垫—土豪金"", ""单模接收器版 送布垫—磨砂黑"", ""双模蓝牙4.0版 送布垫—磨砂黑"", ""单模接收器版 送金属垫—瓷感白""], ""毛重"": [""0.23""], ""是否盒装正品"": [""是""], ""按键数"": [""2个""], ""品牌"": [""other/其他""], ""电源方式"": [""自带充电""], ""光学分辨率"": [""1600dpi""], ""无线技术"": [""2.4GHz""], ""包装体积"": [""0.233""], ""无线距离"": [""10m""], ""售后服务"": [""店铺三包""], ""接口类型"": [""USB""], ""工作方式"": [""光电""], ""套餐类型"": [""官方标配""], ""是否支持人体工程学"": [""支持""]}",data/images/week1_v3/603138042001.webp,1,1,
607651957186,3C数码,鼠标,有线鼠标,游戏鼠标有线静音无声耳机套装机械手感电竞吃鸡cf专用办公发光笔记本台式电脑usb外接男女网红网吧电镀外设,"{""颜色分类"": [""鬼鲛星辰白 【静音版】+游戏耳机"", ""电镀磨砂黑【静音版】+游戏耳机"", ""鬼鲛少女粉【静音版】"", ""电镀镜面白【静音版】"", ""电镀星辰黑【静音版】"", ""电镀磨砂黑【有声版】"", ""电镀镜面白【有声宏定义版】+游戏耳机"", ""鬼鲛星辰黑 【静音版】+游戏耳机"", ""电镀星辰黑【有声版】"", ""电镀磨砂黑【有声宏定义版】"", ""Q1 4D有声黑鼠标"", ""电镀磨砂黑【静音版】"", ""电镀镜面白【有声宏定义版】"", ""电镀星辰黑【有声宏定义版】"", ""电镀镜面白【有声版】"", ""鬼鲛星辰黑 【静音版】"", ""电镀星辰黑【有声宏定义版】+游戏耳机"", ""电镀磨砂黑【有声宏定义版】+游戏耳机"", ""电镀镜面白【有声版】+游戏耳机"", ""电镀星辰黑【有声版】+游戏耳机"", ""电镀星辰黑【静音版】+游戏耳机"", ""电镀磨砂黑【有声版】+游戏耳机"", ""鬼鲛少女粉【静音版】+游戏耳机"", ""电镀镜面白【静音版】+游戏耳机"", ""L5 3D有声黑鼠标"", ""鬼鲛星辰白 【静音版】""], ""套餐类型"": [""官方标配""], ""工作方式"": [""光电""], ""光学分辨率"": [""3000dpi""], ""型号"": [""L6""], ""接口类型"": [""USB""], ""售后服务"": [""店铺三包""], ""成色"": [""全新""], ""是否支持人体工程学"": [""不支持""], ""品牌"": [""狼途(数码)""], ""保修期"": [""12个月""]}",data/images/week1_v3/607651957186.webp,1,1,
558642897514,3C数码,鼠标,有线鼠标,09外设店 大酒神 dota lol游戏鼠标 自定义宏编程 FTD2009牧马人,"{""颜色分类"": [""升级Pro版 金属灰-静音"", ""升级Pro版 科技黑-静音"", ""升级Pro版 金属灰-有声"", ""普通版 星空白-有声"", ""普通版 科技黑 -有声"", ""普通版 科技黑静音版-静音"", ""升级Pro版 科技黑-有声""], ""品牌"": [""AULA/狼蛛""], ""接口类型"": [""USB""], ""型号"": [""S20""], ""光学分辨率"": [""3200dpi""], ""按键数"": [""6个""], ""工作方式"": [""光电""], ""套餐类型"": [""官方标配""], ""成色"": [""全新""], ""是否支持人体工程学"": [""支持""], ""售后服务"": [""店铺三包""]}",data/images/week1_v3/558642897514.webp,1,1,
523127199995,3C数码,鼠标,无线鼠标,双飞燕无线鼠标联想戴尔神州小米笔记本台式机办公商务游戏标USB光电省电便携家用舒适人体工学G3-220N非充电,"{""保修期"": [""12个月""], ""是否支持人体工程学"": [""支持""], ""成色"": [""全新""], ""颜色分类"": [""黑色""], ""包装体积"": [""200*100*50mm""], ""生产企业"": [""东莞伍联电子科技有限公司""], ""双飞燕无线型号"": [""G3-220N""], ""无线技术"": [""2.4GHz""], ""毛重"": [""100克""], ""滚轮数"": [""1个""], ""按键数"": [""3个""], ""光学分辨率"": [""1000dpi""], ""是否盒装正品"": [""是""], ""套餐类型"": [""官方标配""], ""无线距离"": [""15m""], ""接口类型"": [""USB""], ""品牌"": [""双飞燕""], ""售后服务"": [""全国联保""], ""工作方式"": [""光电""], ""电源方式"": [""1节5号电池""]}",data/images/week1_v3/523127199995.webp,1,1,
608603617242,3C数码,鼠标,有线鼠标,爱国者Q21有线鼠标静音无声USB接口电脑商务办公游戏笔记JJOP-398,"{""颜色分类"": [""G600"", ""K100有线键盘"", ""Q21-4D静音版"", ""M33-无线鼠标"", ""G600r"", ""W649有线键盘"", ""WQ1606有线键鼠套装"", ""AK1801有线键鼠套装""], ""光学分辨率"": [""1600dpi""], ""保修期"": [""3个月""], ""爱国者有线型号"": [""Q21""], ""接口类型"": [""USB""], ""按键数"": [""4个""], ""品牌"": [""Aigo/爱国者""], ""上市时间"": [""2019-09-23""], ""是否支持人体工程学"": [""支持""], ""成色"": [""全新""], ""工作方式"": [""光电""], ""套餐类型"": [""官方标配""]}",data/images/week1_v3/608603617242.webp,1,1,
