product_id,review_status,issue_code,review_note,category_l2,title,attribute_evidence,image_path
557956882210,confirmed,capacity_attribute,title and image 15000mAh; attribute 10000mAh,移动电源,罗马仕15000毫安移动电源便携式充电宝手机通用可以上飞机过安检,"{""电池容量"": [""10000mAh""]}",data/images/week1_v3/557956882210.webp
603541115227,confirmed,capacity_title,attribute and image 42000mAh; title 40000mAh,移动电源,羽博笔记本充电宝40000毫安户外大容量多功能蓄电池逆变器大型大功率供电游戏本PD双向快充闪充220v移动电源,"{""电池容量"": [""42000mah""]}",data/images/week1_v3/603541115227.webp
558909494363,confirmed,wireless_attribute,Bluetooth title and neckband image; attribute wired,耳机,Shure/舒尔 SE535-BT高解析度三单元动铁HiFi监听隔音蓝牙耳机,"{""是否无线"": [""有线""]}",data/images/week1_v3/558909494363.webp
607873091104,confirmed,wireless_title,wireless Bluetooth title; visibly wired earphones and wired attribute,耳机,[现货]QDC 天王星 Uranus耳机入耳式无线蓝牙海王星HiFi圈铁2单元,"{""是否无线"": [""有线""]}",data/images/week1_v3/607873091104.webp
608839861239,confirmed,wireless_title,Bluetooth title; image USB wired earphones and wired attribute,耳机,包顺丰达尔优EH728pro入耳式游戏耳机蓝牙Tpye-c带麦台式电脑手机平板手游耳麦电竞K歌直播耳塞lol带麦话筒,"{""材质"": [""亲肤软胶材质""], ""是否无线"": [""有线""]}",data/images/week1_v3/608839861239.webp
618163324030,confirmed,wireless_attribute_mechanical,wireless and mechanical title; image wireless receiver and switch; attributes wired and nonmechanical,键盘,正品可充电式无线机械键盘鼠标套装真蒸汽朋克104键青轴黑雷蛇级,"{""是否机械键盘"": [""否""], ""是否无线"": [""有线""], ""接口类型"": [""USB""]}",data/images/week1_v3/618163324030.webp
598170424604,confirmed,material_attribute,plastic title and rigid plastic image; attribute cotton cloth,收纳箱,杆子实验室手机加厚组合式零件盒250x150x120配件货架收纳箱塑料,"{""材质"": [""棉布""]}",data/images/week1_v3/598170424604.webp
605476679887,confirmed,material_title,cloth title; rigid plastic image and plastic attribute,收纳箱,整理宿舍可折叠装家用收纳盒放书本布艺箱布床上储物箱子学生衣服,"{""材质"": [""塑料""]}",data/images/week1_v3/605476679887.webp
618979967988,confirmed,material_title,plastic box title; fabric bag image and cotton cloth attribute,收纳箱,装被子收纳箱超大防潮收纳箱特大容量塑料盒冬季衣物收纳神器家用,"{""容量"": [""100L""], ""材质"": [""棉布""]}",data/images/week1_v3/618979967988.webp
579801984934,confirmed,wireless_attribute,Bluetooth wireless title and Bluetooth interface attribute; wired flag,键盘,包邮包邮新款畅销|蓝牙无线键盘 手机平板通用超薄蓝牙平面迷你|midi,"{""是否无线"": [""有线""], ""接口类型"": [""蓝牙""], ""是否机械键盘"": [""是""]}",data/images/week1_v3/579801984934.webp
601065155665,confirmed,image_product_capacity,powerbank title with 6000mAh; image makeup mirror gift; attribute 3000mAh,移动电源,充电宝小巧便携6000毫安移动电源迷你苹果小米华为个性可爱卡通超萌可上飞机少女生心款ins创意韩国生日礼物,"{""电池容量"": [""3000mAh""]}",data/images/week1_v3/601065155665.webp
596931239649,confirmed,capacity_title_attribute,title 20L; attribute 8L; image cannot resolve size,垃圾桶,小型北欧简单20L升垃圾桶不带盖家用简易无盖欧式红色仿古带圈,"{""容量"": [""8L""]}",data/images/week1_v3/596931239649.webp
547358931682,confirmed,category_product,keyboard bag title and image; keyboard category,键盘,机械键盘包收纳袋防尘罩filco魔力鸭ikbc机械键盘皮包疯马PU包,"{""接口类型"": [""USB""], ""是否无线"": [""有线""], ""是否机械键盘"": [""是""]}",data/images/week1_v3/547358931682.webp
572260691920,confirmed,category_product,rolling travel luggage title and image; storage box category,收纳箱,行李箱可登机户外出差行李袋折叠箱上飞机旅行箱带滑轮可拖拉箱子,"{""材质"": [""棉布""]}",data/images/week1_v3/572260691920.jpg
623511309783,confirmed,category_product,broom and dustpan title and image; mop category,拖把,MUJI&Epsilon;日本进口佳帮手扫把套装家用扫帚簸箕组合笤帚刮水卫生间扫,{},data/images/week1_v3/623511309783.webp
596513243796,review,capacity_title_attribute,title 20000mAh; attribute 8000mAh; image no readable capacity,移动电源,充电宝20000毫安大容量移动电源便携华为小米oppo魅族手机通用冲,"{""电池容量"": [""8000mAh""]}",data/images/week1_v3/596513243796.webp
607074562697,review,capacity_title_attribute,title 30000mAh; attribute 50000mAh; image no readable capacity,移动电源,斯科太阳能充电宝大容量快充30000毫安便携户外学生移动电源通用,"{""电池容量"": [""50000MAH""]}",data/images/week1_v3/607074562697.webp
613734208297,review,capacity_title_attribute,title 20000mAh; attribute 26800mAh; image no readable capacity,移动电源,羽博充电宝20000毫安45w双向快充闪充PD手机通用笔记本移动电源,"{""电池容量"": [""26800mAh""]}",data/images/week1_v3/613734208297.webp
618457835323,review,capacity_title_attribute,title 10000mAh; attribute 60000mAh; image no readable capacity,移动电源,。充电宝10000毫安超薄大容量小巧便携卡通迷你移动电源适用手新,"{""电池容量"": [""60000mAh""]}",data/images/week1_v3/618457835323.webp
575152006010,review,capacity_title_attribute,title 13L; attribute 12L; possible variant or rounding,垃圾桶,Ouben欧本智能自动感应垃圾桶家用充电式垃圾桶13L厨房卫生间,"{""容量"": [""12L""]}",data/images/week1_v3/575152006010.webp
618578432968,review,capacity_variant,title 40L; image advertises 30L and 50L variants; attribute over 12L,垃圾桶,超大垃圾桶40L智能感应垃圾桶 家用厨房大码商用酒店办公电动大号,"{""容量"": [""12L以上""]}",data/images/week1_v3/618578432968.webp
574330861518,review,mechanical_title_attribute,mechanical title; attribute nonmechanical,键盘,双飞燕 B2418 血色幽灵 机械键盘 有线键盘 游戏键盘 8光轴 混光,"{""是否无线"": [""有线""], ""是否机械键盘"": [""否""], ""接口类型"": [""USB""]}",data/images/week1_v3/574330861518.webp
575832277668,review,mechanical_title_attribute,mechanical title; attribute nonmechanical,键盘,血手幽灵(bloody)B3370R 8光轴机械键盘 绝地求生 吃鸡游戏键盘,"{""是否无线"": [""有线""], ""接口类型"": [""黑色(PS/2);白色(USB)""], ""是否机械键盘"": [""否""]}",data/images/week1_v3/575832277668.webp
589344419432,review,mechanical_title_attribute,mechanical title; attribute nonmechanical,键盘,全新出口外贸库存机械键盘108键混光青轴金属面板网吧游戏机械键,"{""是否无线"": [""有线""], ""接口类型"": [""USB""], ""是否机械键盘"": [""否""]}",data/images/week1_v3/589344419432.webp
606439432153,review,mechanical_title_attribute,mechanical title; attribute nonmechanical,键盘,宜博机械键盘K751混光青轴RGB黑轴大手托全键无冲网吧游戏办公,"{""是否机械键盘"": [""否""], ""接口类型"": [""USB""], ""是否无线"": [""有线""]}",data/images/week1_v3/606439432153.webp
612486228257,review,mechanical_title_attribute,mechanical title; attribute nonmechanical,键盘,赛睿Apex7 pro Tkl 电竞背光电脑吃鸡可调节式游戏机械键盘RGB,"{""接口类型"": [""USB""], ""是否机械键盘"": [""否""], ""是否无线"": [""有线""]}",data/images/week1_v3/612486228257.webp
617672436986,review,mechanical_title_attribute,mechanical title; attribute nonmechanical,键盘,美国NuType F1蓝牙机械键盘便携手机平板无线键盘笔记本台式电脑,"{""是否无线"": [""无线""], ""是否机械键盘"": [""否""], ""接口类型"": [""蓝牙""]}",data/images/week1_v3/617672436986.webp
618473853699,review,mechanical_title_attribute,mechanical title; attribute nonmechanical,键盘,正品艾石头IK6真机械键盘电竞游戏专用背光有线台式电脑笔雷蛇级,"{""是否机械键盘"": [""否""], ""是否无线"": [""有线""], ""接口类型"": [""USB""]}",data/images/week1_v3/618473853699.webp
45196239011,review,category_accessory,replacement mop rod title and kit image; mop category,拖把,妙洁通用加粗好神拖拖把杆手压旋转拖把拖布杆替换墩布配件杆替换,{},data/images/week1_v3/45196239011.webp
578714016326,review,category_accessory,replacement mop rods title and image; mop category,拖把,刮刮乐免手洗拖把杆子不带桶帮手配件替换布头拖把头家用懒人平板,{},data/images/week1_v3/578714016326.webp
596370702064,review,category_accessory,replacement mop rod title and image; mop category,拖把,旋转拖把杆通用替换手压墩布杆伸缩一体式液压家用拖布单卖不带桶,{},data/images/week1_v3/596370702064.png
622750271078,review,category_accessory,four replacement mop heads title and image; mop category,拖把,【4个装】强吸水通用胶棉拖把头墩布替换海绵拖布头滚轮式挤水头,{},data/images/week1_v3/622750271078.webp
606454117943,review,category_accessory,DIY powerbank shell title and image; powerbank category,移动电源,数显diy充电宝外壳4节18650电池盒免焊接快充2a模块电源主板自制,"{""电池容量"": [""10000mAh""]}",data/images/week1_v3/606454117943.webp
613276089470,review,category_accessory,DIY powerbank shell title and image; powerbank category,移动电源,3节免焊接充电宝外壳4节移动电源盒diy18650电池盒 铝合金电源盒,"{""电池容量"": [""0mAh""]}",data/images/week1_v3/613276089470.webp
559980029873,review,category_accessory,powerbank shell kit title and image; powerbank category,移动电源,18650电源盒diy套件 快充8节外壳cud飞毛腿充电宝外壳套件包便携,"{""电池容量"": [""0mAh""]}",data/images/week1_v3/559980029873.webp
19717876150,review,category_variant,battery box with 0mAh attribute but some battery-included variants,移动电源,双USB输出5V 2A 18650移动电池盒 手机平板电脑多功能移动电源盒,"{""电池容量"": [""0mAh""]}",data/images/week1_v3/19717876150.webp
525868705666,review,category_variant,DIY battery box with 0mAh attribute; verify sale variants,移动电源,免焊接大功率75W笔记本移动电源盒可调电压DIY18650电池盒6节屏显,"{""电池容量"": [""0mAh""]}",data/images/week1_v3/525868705666.webp
591149974000,review,category_variant,AA battery emergency charging box; verify category scope,移动电源,手机应急充电盒子2节5号电池串联5V输出USB AA干电池户外应急DIY,"{""电池容量"": [""0mAh""]}",data/images/week1_v3/591149974000.webp
569791931397,review,image_variant,powerbank shell and flashlight title; image flashlight; verify variant,移动电源,18650电池盒铝合金充电宝套料免焊接金属移动电源盒可拆卸手电筒,"{""电池容量"": [""2600MAH""]}",data/images/week1_v3/569791931397.webp
529533634932,review,image_product,powerbank title; image primarily displays phone; verify underlying product,移动电源,西班牙smartoools充电宝10000毫安m聚合物可爱便携轻迷你移动电源,"{""电池容量"": [""10000mAh""]}",data/images/week1_v3/529533634932.webp
577483138126,review,image_product,powerbank title; balloon-themed image and small device; verify product,移动电源,迷你超薄充电宝小巧便携大容量移动电源毫安8蘋果专用冲手机oppo华为vivo通用女磁吸定制logo,"{""电池容量"": [""20000mAh""]}",data/images/week1_v3/577483138126.webp
618287189510,review,image_product,storage box title; image shows books on desk without visible box,收纳箱,书箱收纳箱装牛津树透明储物盒学生教室用放书本书籍整理神器箱子,"{""材质"": [""塑料""]}",data/images/week1_v3/618287189510.webp
591814382364,review,image_product,mop title; image mainly shows bucket; verify kit contents,拖把,正品包邮亿丽佳 旋转拖把懒人免手洗家用瓷砖地一拖净拖布木地板,{},data/images/week1_v3/591814382364.webp
