raw_label,count
泊泉雅,109611
Shiseido/资生堂,92158
PECHOIN/百雀羚,60342
Lancome/兰蔻,56331
梵贞,51246
一枝春,40384
Cosme Decorte/黛珂,39334
Clarins/娇韵诗,39328
SK-II,36911
手饰,27045
Clinique/倩碧,24135
CPB/肌肤之钥,23844
耳饰,22252
莱蔻,21639
CHANDO/自然堂,20526
A.H.C/爱和纯,19886
Curel/珂润,19498
innisfree/悦诗风吟,19149
Olay/玉兰油,18095
Freeplus/芙丽芳丝,15876
玖美堂,15485
Avon/雅芳,15113
Herborist/佰草集,13626
美肤宝,13079
Dior/迪奥,11730
ROLANJONA/露兰姬娜,11003
同仁堂,10907
帆布鞋,10194
Biotherm/碧欧泉,9942
CEMOY（美妆）,9495
皮衣,9137
CAUDALIE/欧缇丽,9135
羽绒服,8919
WETCODE/水密码,8737
风衣,8268
WETHERM/温碧泉,8198
相宜本草,8180
佰珍堂,8035
职业女裤套装,7934
大宝,7918
日韩腕表,7880
eaoron,7676
洗发水,7404
皮艺床,7291
时装靴,7274
校服/校服定制,7244
皮艺沙发,7208
湿巾,7016
挂钟,6853
汉服,6652
餐椅,6619
职业女裙套装,6580
欧美腕表,6493
DOCTOR LI/李医生,6481
旗袍,6474
皮草,6428
舞台灯光,6400
双肩背包,6315
实木沙发,6082
沙发椅,6069
电子美容仪,6045
茶几,5970
高帮鞋,5929
礼服/晚装,5892
颈饰,5832
衬衫,5803
国产白酒,5786
鱼,5750
FANJEIS/梵洁诗,5710
Rellet/颐莲,5677
T恤,5602
酒店工作制服,5514
科学实验,5509
猫咪特色零食,5485
ZIPPO/芝宝,5477
鞋柜,5425
瑞士腕表,5375
牙膏,5350
石雕,5344
斗柜,5224
净水器,5217
沐浴露,5210
汽车氛围灯/装饰灯,5183
儿童桌面游戏类,5146
菜刀,5145
餐桌,5127
珠宝奇石,5124
门厅/玄关柜/玄关架,5096
书桌,5081
摩托车头盔,5073
乐福鞋（豆豆鞋）,5052
保暖裤,5032
电子门锁,5018
肚皮舞套装(演出服),4962
DERMAFIRM+/德妃,4889
染发膏,4854
桌椅套件,4851
音乐盒,4848
保暖上装,4846
感统训练器材/教学设备,4811
国产腕表,4809
唐装,4779
电热水壶,4777
纸尿裤,4771
布艺床,4771
布鞋,4770
葡萄酒,4738
电视柜,4729
儿童机器人/变形玩具,4717
帽子,4705
胶水,4686
正装皮鞋,4678
布艺沙发,4663
实木床,4645
单鞋,4639
猫/狗药品,4609
鞋油,4531
电动牙刷,4518
乳液/面霜,4517
油画,4506
沙发,4466
笼子,4440
洗护套装,4436
儿童演出服,4425
梳妆台/桌,4417
汽车喇叭/高音头,4414
卷/直发器,4414
连体泳衣,4391
时尚休闲鞋,4388
室内门,4371
卫衣/绒衫,4359
猫主粮,4354
餐边柜,4346
休闲运动套装,4315
护手霜,4313
车模,4293
剪刀,4290
网络摄像机,4286
展示柜,4286
假睫毛,4280
剃须刀,4266
钥匙扣,4252
狗零食,4245
素肉,4243
果酒,4235
指甲彩妆,4225
煤油打火机,4189
连衣裙,4183
洞洞鞋,4177
普洱,4175
手工创意粘贴类,4174
电动/遥控动物/人物,4168
儿童礼服,4160
手机,4158
无线/蓝牙音箱,4151
暖风机/取暖器,4148
飞镖/射击/射箭类,4137
雕刻机,4137
沙发床,4129
休闲板鞋,4127
笔记本电脑,4124
吉他-民谣吉他,4119
健身裤,4115
吸尘器,4115
定制成品光学镜,4106
角几/边几,4100
水杯,4074
犬主粮,4071
学生校服,4052
休闲裤,4024
BB霜,4019
运动文胸,4000
防水涂料,3996
防蓝光镜,3992
整顶假发,3987
电热/火锅,3975
彩色隐形眼镜,3963
成人用纸尿护理用品,3956
吊灯,3950
眼线,3941
升降台,3937
衣帽架,3935
蓝牙耳机,3934
婚纱,3920
防晒霜,3878
眉笔/眉粉/眉膏,3875
美甲工具,3873
智能车机导航,3870
半身裙,3870
旅行箱,3858
多用途清洁剂,3857
内裤,3855
高光,3846
射灯,3844
床品套件/四件套/多件套,3823
猫/狗保健品,3820
加湿器,3814
眼影,3809
电饭煲,3804
大班台/主管桌,3794
麦克风/话筒,3789
儿童床,3787
四轮推车,3779
健身衣,3773
油污清洁剂,3771
润肤乳,3766
书法,3758
行车记录仪,3739
背心吊带,3721
浴足剂,3720
UZRO/优资莱,3714
唇彩/唇蜜/唇釉,3710
大灯总成,3691
奶瓶,3679
化妆刷,3665
西装,3661
电动/遥控轨道,3653
扫地机器人,3649
代用/花草茶,3643
懒人沙发,3637
遥控开关,3635
贴片面膜,3630
化妆/美容工具,3620
装饰台灯,3615
遮阳篷/雨篷/车篷/广告篷/天幕,3600
男士包袋,3596
常规洗衣液,3584
落地灯,3584
面部护理套装,3580
卫生巾,3561
吸顶灯,3561
睫毛膏/睫毛增长液,3560
耳机/耳麦,3557
换气扇/排气扇,3557
西服套装,3556
戒指/指环,3550
耳机保护套,3548
牛肉类,3545
瑜伽长裤,3540
逗猫棒,3540
卸妆,3538
换鞋凳,3533
儿童电动车,3533
传统黄酒,3530
牛仔裤,3526
惯性/回力/滑行玩具,3523
LED显示屏,3517
野餐炉具,3516
养生壶/煎药壶,3514
空气芳香剂,3497
登山鞋/徒步鞋,3490
隔离/妆前,3483
组合/屏风工作位,3482
手电筒,3474
高低/子母床,3468
Yalget/雅丽洁,3458
抽纸,3458
项链,3454
分体泳衣,3449
蜜粉/散粉,3445
碗,3442
遮瑕,3440
头发造型,3433
灯箱,3432
笔记本电脑包,3428
手镯,3422
芭蕾舞服,3421
滑板,3420
电磁炉/陶炉,3416
智能手表手环表带/腕带,3414
抹胸,3410
榨汁机,3403
景观庭院灯饰,3399
塑身连体衣,3389
钢笔,3387
游艺机,3385
跑步鞋,3384
手机包,3384
床头柜,3384
理发器,3376
停车场控制机/道闸,3370
鱼线轮,3369
吊扇,3363
组合型花茶,3362
广告牌,3356
壁灯,3339
移动电源,3330
越野车外侧脚踏板,3330
智能手环,3327
工装制服,3318
练字帖/练字板,3311
眼膜,3310
车载充电器,3309
现代舞服装,3305
雨鞋,3302
建构/拼插积木,3301
电脑椅,3300
陀螺,3296
电吹风,3295
民族服装/舞台装,3285
洗洁精,3283
游戏手柄,3281
钱包,3274
马桶清洁剂/洁厕剂,3266
电炖锅/煲汤锅/电炖盅,3264
拉拉裤,3259
棉衣/棉服,3254
女士包袋,3240
唇膏/口红,3239
糖果,3236
牙刷/口腔清洁工具,3224
服装展示架,3221
粉底液/膏,3208
睡袋/防踢被,3196
果冻/布丁,3194
影室灯,3189
酒架,3189
沐浴乳/沐浴露,3186
项坠/吊坠,3183
尾翼/顶翼,3182
早教闪卡/潜能开发卡,3181
液态精华,3174
小型燃气灶,3168
涂抹面膜,3164
洗手液,3160
电动/遥控飞机,3156
砖雕,3156
商用展示柜/展示架,3152
保暖贴,3152
电动/遥控车,3151
拉丁舞练习套装,3151
门禁机,3144
消毒液,3134
单个书柜,3134
香熏香料,3133
按摩温熏调理器,3125
支架,3123
拉杆广场音箱/户外音响,3122
空气净化器,3116
海苔系列,3115
文胸,3114
传统糕点,3106
连体衣/裤,3100
男士洁面,3097
保暖套装,3097
粉饼,3097
有线鼠标,3095
铁观音,3091
耳环,3090
洁面,3087
腮红/胭脂,3087
人字拖,3079
手套,3078
露营/旅游/登山帐篷,3075
手机保护套/壳,3068
永生花,3060
足球鞋,3049
鞋垫,3046
机械喷嘴,3043
潜水服,3042
止汗露,3040
塑身美体裤,3040
铁艺/钢木床,3029
香波浴液,3026
车挂,3019
马丁靴,3019
液压装卸车,3017
筒灯,3015
婚庆绢花,3011
保温杯,3010
枣类制品,3007
奖状/证书,3003
化妆水/爽肤水,3002
乳胶枕,3002
塑杯,3000
鸭肉零食,2995
鱼干,2988
车蜡,2987
板鞋/休闲鞋,2980
鸡肉零食,2978
玄关台,2978
普通U盘,2977
韩美肌,2975
电视机架,2974
啤酒,2974
香薰蜡烛,2972
车载自动升窗器,2972
身体乳/霜,2963
放大镜,2963
进户门,2961
建筑/DIY小屋/拼装模型,2961
猪肉类,2961
宣纸,2960
中老年女装,2959
豆腐干,2958
亲子装/亲子时装,2956
一字拖,2952
车用洗车机/设备,2950
车用钥匙包,2945
篮球,2939
衣柜,2938
眼镜架,2935
早教机/点读学习,2935
显示器,2932
汽车灯泡,2929
洗衣机,2928
奶嘴/安抚奶嘴,2928
毛呢外套,2923
润唇膏,2921
马夹,2914
车载手机支架/手机座,2914
美工刀,2911
无线鼠标,2909
请柬,2909
洗漱包/化妆包,2909
贴纸,2907
腰包,2907
一体机,2906
单方精油,2901
卡包,2901
休闲皮鞋,2899
纯露/花水,2898
LED灯带,2896
机箱,2895
太阳眼镜,2895
毛笔,2891
报警主机,2887
车用清洗/除蜡/除胶剂,2886
手链,2883
大型组合式游乐设备,2881
头灯,2878
包挂件,2877
仿真/动物玩偶,2876
大型绿植/成品组合盆栽,2875
灭鼠/杀虫剂,2859
居家棉拖/棉鞋,2858
钓竿,2857
毛呢大衣,2855
皮靴/棉靴,2855
即食鱼零食,2853
手工皂/精油皂,2852
瑜伽t恤,2851
民族服装,2848
传统布鞋/手工编织鞋,2845
鱼饵,2845
私处洗液,2837
缝纫DIY材料套装,2835
对讲机,2831
魔方,2830
保健护具(护腰/膝/腿/颈),2830
笔筒,2829
眼霜,2825
猫砂,2818
假睫毛辅助工具,2815
工具车,2814
书包,2803
汽车包围,2803
狗狗,2797
咖啡杯,2790
过家家玩具,2787
凤凰单丛,2783
香皂,2783
面部磨砂/去角质,2781
早教教具/早教套装,2779
内衣套装,2776
包头拖,2770
马甲,2762
摩托车整车,2761
办公屏风/隔断,2761
充气用品,2758
水彩颜料,2756
口罩,2750
折屏,2748
毛衣/针织衫,2746
电源,2745
宠物服装/雨衣,2743
防晒衣,2740
厨房冰箱,2739
毛巾/面巾,2739
开发板/学习板/评估板/工控板,2738
烧烤炉,2738
茶盘,2737
西服/小西装,2734
GHOST CALL BEAUTY/蜕唤美,2726
Hifi音箱,2724
定制窗帘,2720
茶壶,2719
松糕（摇摇）鞋,2709
充气打火机,2706
车用置物袋/置物箱,2703
炒锅,2700
浴巾,2696
茶杯,2688
大红袍,2687
新鲜蛋糕,2686
基础材料,2676
运动护具,2673
眼部精华,2672
西式糕点,2672
普通望远镜,2671
功夫茶具,2667
裤子,2661
家居服连体衣,2657
美容/美发床,2655
干洗剂,2654
开关插座套装,2651
手刹套/档把套/套饰套装,2650
多宝格/博古架,2650
补胎工具,2647
钓鱼类玩具,2647
高尔夫服装,2645
方向盘,2644
穿衣镜,2636
卷筒纸,2636
水枪,2628
水果罐头,2625
果盘/果篓,2623
亚克力板,2620
西装裤/正装裤,2620
防追尾灯,2620
防撞胶条/防刮条,2619
打底裤,2617
书架,2616
香水,2615
学步/幼童鞋,2612
水泵,2608
花瓶,2604
数码相机包,2599
首饰盒,2597
发声玩具,2596
专车专用脚垫,2594
脚架,2592
睡袍/浴袍,2592
烟嘴,2591
文件柜,2588
山楂类制品,2586
复方精油,2585
拉丁舞鞋,2584
牛排,2581
棉衣,2581
篮球鞋,2581
摇椅,2580
腌制/榨菜/泡菜,2574
分离设备,2572
烧烤炉/烤架,2568
观赏鱼饲料,2567
沙滩鞋/凉鞋/拖鞋,2567
收银台,2563
酥性饼干,2562
门窗控制器,2558
花生,2558
直发片,2557
皮带扣,2553
鸡蛋,2549
花盆,2548
塑身上衣,2543
夹心饼干,2539
X展架/易拉宝,2538
木雕,2536
泳池设备,2535
单反镜头,2526
拼图/拼板,2521
花架/花几,2517
瓜子,2515
羽毛球拍,2512
清凉油/防暑/醒神药油,2511
上衣,2509
壁饰,2508
白模填色/模具彩绘,2508
彩泥/橡皮泥,2503
过滤设备,2503
水桶,2497
广场舞套装,2495
毛巾,2494
脱毛膏,2492
施工除尘器,2490
旅行袋,2482
电风扇,2482
油烟机,2482
太极服,2478
夹克,2473
报警灯,2473
风筝,2468
身体乳液,2466
膨化食品,2464
皮鞋,2459
老花镜,2458
婴童枕头/枕芯,2455
矮凳,2453
香薰炉,2450
纸杯,2450
平板电脑保护套/壳,2447
家居服套装,2447
咖啡壶,2447
西服,2446
围巾/丝巾/披肩,2441
车用纸巾盒/套,2441
车顶架/车顶箱,2438
胸针,2436
文房四宝,2436
钥匙包,2434
家用酒壶,2428
仿真植物盆景,2425
仿真水果,2425
瑜伽套装,2418
短外套,2417
卷笔刀/削笔器,2416
拉丁舞上装,2416
佛珠/念珠,2412
棉袄/棉服,2410
医护制服,2407
婴儿礼盒,2407
烛台,2404
围巾,2403
汽车发动机机油,2401
拉丁舞演出服,2399
时尚套装,2394
儿童餐具,2392
洗车水枪,2391
绞肉/碎肉/绞菜机,2386
家居拖鞋/凉拖/棉拖/居家鞋,2383
节日装扮用品,2380
苹果,2379
弯头,2378
塑身腰封/腰夹,2376
自行车灯,2376
毛衣,2371
梅类制品,2369
保温壶,2368
扶手箱,2367
门腕,2364
功放,2363
管道疏通剂,2360
摇铃,2359
封口机,2355
键盘,2354
茶宠摆件,2352
热水袋,2351
折叠床/午休床,2351
单块效果器,2351
西裤,2350
气体检测仪,2346
数码收纳整理包,2345
蚕丝被,2345
排气管,2345
现代装饰画,2345
室内新风系统,2340
手机贴膜,2340
插头,2338
酱菜,2338
棉花被,2317
灯笼,2317
笔记本/记事本/手帐,2316
转换插头,2314
吸管杯,2312
UPS电源,2311
猫抓板,2309
斜挎包/拎包/腰包,2307
睡袋,2307
水粉/水彩/油画专用笔,2304
腰带/皮带/腰链,2302
LED灯管,2302
橡胶球/球形玩具,2301
洗衣机槽清洁剂,2301
普通外套,2301
运动袜,2300
薯类制品,2300
扩音器,2299
茶叶罐,2291
电脑桌,2290
冰淇淋/冻品,2290
高隔断/隔墙,2289
折叠椅/躺椅,2288
鲜花速递(同城),2287
成品印章/学生用印,2283
艺术玻璃,2282
儿童泳衣/裤,2274
液压机/油压机,2273
一次性餐盒,2272
雾化微喷/滴灌设备,2264
速干裤,2263
男士面部乳霜,2262
手工锯,2258
步进电机,2257
笋类制品,2257
清洗剂/养护剂,2257
公道杯,2247
漆面保护膜,2245
倒车镜/后视镜,2245
猫砂盆/猫厕所,2244
泳镜,2243
毛绒布艺类玩具,2241
背包/箱包,2240
针织衫/毛衣,2236
专车专用后备箱垫,2236
会议桌,2233
割草机/草坪机,2232
保鲜袋,2226
键鼠套装,2225
接线板,2224
酒盒,2224
婴儿步前鞋/袜鞋,2219
宣传单/海报/说明书,2219
全套厨房刀具,2217
乳牙刷/训练牙刷/护齿牙刷,2216
酒杯,2215
口琴,2213
曲奇饼干,2212
名片,2209
家私清洁/护理剂,2208
铅笔,2207
蚊香液,2204
美容喷雾机/蒸脸器,2204
摩托车车灯,2199
吹泡泡,2199
电饼铛/可丽饼机/薄饼机,2198
喷雾,2194
弱电布线箱,2194
中性笔,2194
电动车电池,2194
包带,2193
背心/马甲,2191
USB HUB/转换器,2190
点读笔,2188
滑梯,2188
气球,2186
马克笔,2186
耳机绕线器,2185
花艺包装纸,2184
咖啡机,2183
化纤被,2182
广场舞鞋,2182
睡裙,2179
烟斗,2176
盖碗,2175
现代舞鞋,2175
薄脆饼干,2173
混合坚果,2173
闪存卡,2172
多功能组合工具,2172
假领,2168
万用表,2167
板式床,2166
发膜/护发产品,2165
羽毛球服,2165
DIY兼容机,2162
创意/整蛊玩具,2161
轮毂,2160
威士忌/Whiskey,2160
线,2159
虾类制品,2159
金属漆,2157
饮水器/水壶/水头,2156
酒柜,2156
雪地靴,2151
超市货架,2149
汽车车灯透镜,2149
滇红,2145
柴油机,2144
刘海片,2143
订书机,2143
家居裙/睡裙,2142
笔袋,2138
板鞋,2136
再加工茶/配方茶/调味茶,2133
毛针织衫,2132
定制菜谱/桌牌/台牌,2130
超声波清洗机,2128
鸟食,2125
床罩,2123
餐具瓷器套装,2119
接头,2118
切割机,2117
普通路由器,2116
洗衣粉,2115
电池/燃料,2113
防腐木,2113
桌旗,2108
滤镜,2108
双眼皮贴,2106
修正带,2105
整鸡,2104
时装凉鞋,2097
尤克里里/小吉他,2096
连身衣/爬服/哈衣,2094
仓储货架,2093
网面鞋,2093
圈椅,2092
煎锅/平底锅,2091
私处保养,2090
更多舞蹈配饰,2089
喂食器,2088
荧光笔,2087
婴童抱被/抱毯,2086
贺卡/卡片,2086
收边条/压线条,2082
手机挂件/手机链,2081
手包,2080
踏行车/滑行学步车,2079
速干T恤,2076
豆类制品,2074
皮划艇充气艇,2072
阅读台灯(护眼灯/写字灯),2071
比基尼,2071
飞机模型,2070
白板,2070
男士泳衣,2068
滑轮,2067
移门,2065
笔记本多功能支架/桌,2065
车内灯,2064
摩托车排气管,2063
手机镜头,2062
全车改装套件,2061
座椅及附件,2060
螺母,2058
卡套/证件套,2058
电话机(有绳/无绳/网络),2058
户外椅子凳子,2057
PE管,2057
标志牌/提示牌/付款码,2057
背景布类,2053
篮球服,2048
护套线,2043
烟盒,2041
螺母拆装/组合玩具,2039
宝珠/走珠/签字笔,2036
汽车装饰贴,2035
纽扣电池,2033
威化饼干,2033
国画,2029
改色膜,2029
漏电保护器,2028
卫衣,2026
挡泥板,2026
泳帽,2026
骑行服,2022
仿真花/假花,2019
生鸡肉,2017
儿童储物架/收纳架（原婴童）,2014
地垫,2013
素描/素写本,2012
非乘用车轮胎,2010
燃气灶,2010
挂饰/生肖挂饰,2008
文具盒,2007
瑜伽背心,2006
画板/画架,2004
井盖,2004
海带,2003
海参,1999
飘空气球,1997
玩具挂图/认知卡,1995
鱼线,1991
水彩笔,1990
车用挂钩,1990
中网,1987
运动长裤,1987
发光玩具,1986
创意摆件,1984
香水/除味剂,1983
漱口水,1983
电脑多媒体音箱,1982
净水/饮水机配件耗材,1979
蜡笔,1974
运动鞋,1974
餐车,1974
睡裤/家居裤,1970
头枕,1964
婴儿床/儿童床（原婴童）,1964
矫姿用品,1959
棉鞋,1958
防护鞋,1955
水草,1953
家庭园艺种子,1952
搅拌/料理机,1952
浮漂,1948
彩妆套装,1947
云台,1946
随手杯,1944
手帕纸,1944
奶锅,1942
装饰灯,1941
自行车锁,1940
潜水泵,1940
西餐餐具套装,1939
睡衣/家居服套装,1938
针梳,1936
开关/按钮,1936
智力解题/通关玩具,1933
被套,1932
PS游戏软件,1930
食饭兜,1928
饮水机,1928
喷枪,1927
电烤箱,1923
儿童学习桌,1920
车载摄像头,1920
炖锅/炖煲/汤煲,1919
商用电磁炉,1919
百叶帘/折帘/罗马帘,1914
计算器,1913
金骏眉,1913
车载垃圾桶,1912
尾喉/消声器,1912
相框/画框,1912
手串/宝珠,1908
火锅,1907
蔬果干/混合冻干/混合果干,1906
商用磨粉机/药材粉碎机,1906
办公电脑桌,1902
胸包,1902
气钉枪,1901
泳衣裤,1901
自拍杆/架,1899
书皮,1898
传感器,1898
户外秋千,1897
购物袋/环保袋/帆布袋,1891
干燥剂,1889
折叠桌,1887
手机袋,1881
沙画/胶画/画,1879
螺栓,1878
智能灯光,1876
HDMI线,1874
膏药贴（器械）,1871
鱼缸/水族箱,1866
单肩背包,1865
钢结构阳光房,1864
保险杠,1863
干花/花瓣/干花包/干树枝,1862
冲氧泵,1861
空调扇,1861
压力锅/高压锅,1857
葡萄干,1855
课桌椅,1855
电锤,1855
床笠,1853
插卡音箱/唱戏机,1852
跳绳,1846
婚庆床品套件,1846
路障灯,1846
婴幼儿串珠/绕珠,1845
砂锅/石锅,1841
对联,1840
文具套装/礼盒,1840
服装模特,1836
运动拖鞋,1836
窝/屋/帐篷,1835
猫咪,1835
休闲毯/毛毯/绒毯,1834
骑士手套,1834
鱼缸清洁用具,1831
课业本/教学用本,1831
休闲椅系列,1829
运动中长裤／短裤,1829
红包/利是封,1825
测温仪,1823
台历,1820
LED单灯,1819
渔具包,1818
防滑垫/防护垫,1818
书签,1818
地板革（PVC地板）,1817
空气开关,1817
面条机/压面机,1816
按摩靠垫/坐垫,1813
USB加湿器,1812
强电布线箱,1810
按摩穴位棒,1809
排挡杆,1809
大理石制品,1809
气动磨光机,1808
证件包,1807
乳液器,1806
运动T恤,1803
法兰（新）,1802
珠帘/挂帘,1799
定制眼镜片,1798
装饰纸巾盒,1797
冲锋衣,1796
手机充电器,1795
毛球修剪器,1789
月饼,1789
挎包/拎包/休闲包,1787
蔬果刨丝器/瓜果刀,1784
韧性饼干,1782
造景/装饰,1779
KTV/卡拉OK音箱,1779
描红本/涂色本,1775
足贴,1773
戏水/玩沙玩具,1773
护具（器械）,1770
面部按摩霜,1769
小夜灯,1769
圣诞装饰品,1769
电表,1769
圆珠笔,1768
花胶/鱼胶,1765
保鲜膜,1765
不锈钢管,1765
护栏/隔离栏,1764
正山小种,1763
番薯,1762
地毯,1761
电子秤,1759
简易衣柜,1758
马克杯,1758
咸鸭蛋,1758
头纱,1755
牙刷头,1754
抓绒衣,1753
电动车灯,1752
立铣刀,1747
补漆笔,1743
大视野后视辅助镜,1743
电动尾门/中门/电吸门,1742
瑜伽内衣,1742
勾缝剂,1742
笔记本散热器/降温卡,1742
橡皮,1741
大拉手,1736
定制/广告杯,1736
巧克力制品,1735
线材,1735
电动/遥控机器人,1735
雨眉/晴雨挡,1734
太阳镜,1733
驾驶证件套,1731
登山杖/手杖,1730
花边,1730
护发素,1730
吸管,1728
手机支架/手机座,1726
三轮车,1725
酒吧椅,1725
鼠标垫/贴/腕垫,1721
车用眼镜夹/票据夹,1719
车用钥匙扣,1719
文件袋,1717
整体厨柜,1715
鱼钩,1713
电压力锅,1713
直排轮,1713
首饰展示架,1709
冰箱磁性贴,1709
枕头/枕芯,1708
项圈,1708
护膝/护腰/护肩/护颈,1708
丙烯颜料,1707
奥特曼玩具专区,1706
信封,1706
医疗用品,1705
车用防踢垫/防磨垫,1703
饲料/零食,1702
运动帽,1702
猫爬架,1702
爬虫/鸣虫用具,1700
空中吊饰,1699
冰包,1699
运动套装,1697
羽绒衣,1695
喇叭/扬声器,1695
茶滤,1695
普通干电池,1694
儿童帐篷/游戏屋,1694
户外休闲衣,1694
餐垫,1693
电动螺丝批,1692
水粉颜料,1692
酒吧台,1691
开瓶器,1691
化妆包,1690
防潮垫,1686
沙发垫,1685
吉他-电吉他,1685
直线运动轴承,1684
笔用墨水/补充液/墨囊,1684
冲气泵/空压机,1684
Polo衫,1683
雨刮器,1683
淡水鱼类,1683
摩托车保险杠,1682
千斤顶,1679
手机耳机,1679
领结,1676
粘土/超轻粘土,1672
单芯线,1672
血糖用品,1672
藤/竹沙发,1671
会议椅/会客椅,1668
螺钉,1667
汤锅,1665
蜡烛,1662
数学学习板/计算架,1660
瘦脸机/瘦脸工具,1658
餐台椅,1657
组合件和连接副,1655
折叠凳/马扎,1654
即食鱿鱼零食,1653
记号笔,1652
花卉,1651
防风/尘保暖面罩,1650
瑜伽舒展器/健康架,1650
干衣机,1647
家用防油贴纸,1646
披风/斗篷,1645
颈椎/腰椎按摩器,1644
钢琴,1644
打击乐器,1644
牙线/牙线棒,1642
相册/相簿,1641
压线钳,1640
木屋凉亭,1640
迷宫类,1639
药盒,1637
浴盐,1635
乳胶床垫,1634
智能手表,1634
纽扣,1632
床盖,1632
毛线,1632
书立/阅读架,1628
刀片,1627
运动茄克/外套,1624
飘窗垫,1624
美发椅,1623
招财猫,1620
管接头,1619
传动链,1619
鲍鱼,1619
蓄电池,1616
遮阳挡,1615
牛奶巧克力,1614
鞋盒,1614
床单,1613
热风枪,1611
油箱盖,1610
冻虾,1610
按摩棒/锤,1608
驾驶室脚踏板,1607
赛车服,1606
车用窗帘,1606
芭蕾舞鞋,1606
足球服,1605
通用座垫,1604
身体精油/身体按摩,1602
摩托车尾箱,1602
破壁机,1598
书法用纸,1598
反穿衣/罩衣,1596
女士脱毛/剃毛器,1594
地插,1593
套装,1592
小型喷雾壶,1592
防晒喷雾,1589
发条玩具,1589
气动元件,1589
多肉植物,1588
机械门锁,1588
胶水/胶粘剂,1587
压力表,1587
卡套,1587
刀架,1585
脱水蔬菜,1583
叉/勺/筷套装,1581
弹簧床垫,1581
低压接触器,1580
电热毯,1580
车用烟灰缸,1579
测距仪,1578
防蚊水,1576
云石片,1575
床架/床板,1575
前台/接待台（新增）,1574
风车,1572
沙滩鞋,1572
雨靴,1572
台式整机,1570
运动卫衣/套头衫,1570
笛子,1570
健身套装,1569
塑胶/运动地板,1568
玻璃杯,1567
台秤,1566
脚链,1565
更衣柜,1565
球类玩具/球类运动,1563
发动机总成及部件,1563
销,1561
发包/丸子,1558
遥控器,1558
创意礼品,1557
杯垫,1557
冷水壶,1556
棉裤/羽绒裤,1555
小围嘴,1554
户外休闲鞋,1554
隔尿床垫,1553
装饰挂钩,1550
理疗仪（器械）,1550
车载充气泵,1548
摄像头,1548
海绵垫/布料/面料/手工diy,1546
时尚休闲沙滩鞋,1543
安瓶/原液,1542
扣,1542
空调,1542
自动麻将机,1541
管道隔热保温套,1541
鱼类罐头,1539
袖扣,1539
内墙乳胶漆,1538
垫子,1537
身体彩妆,1537
肚兜,1536
羽毛球鞋,1532
雕刻刀,1532
手工折纸/剪纸书,1531
哑铃,1531
烧烤盘,1528
龟/鳖,1527
电热水器,1527
滑板车,1526
手偶/安抚玩偶,1526
水果削皮器,1525
固态硬盘,1524
环氧漆(地坪漆),1523
床垫/床褥/床护垫/榻榻米床垫,1523
钓鱼服,1523
鱼丸/鱼滑,1519
资料册,1518
空气炸锅,1517
针,1516
车载支架（原3C数码配件）,1516
荷花灯/河灯,1515
鞋架,1515
座屏,1515
眼镜盒,1513
瑜伽拉力带,1512
螺柱,1512
抱枕被,1511
数码钢琴,1509
汽车灯罩,1509
各类尺/三角板,1508
平板电视,1507
配件,1506
摇摆机/摇摇乐,1506
厨房剪刀,1505
太空杯,1505
花艺包装盒,1504
家用牵引带,1503
腻子/批嵌材料,1501
泡澡药包,1499
体重秤/健康秤/体脂秤,1496
醒酒器,1496
艺术涂料,1496
感冒咳嗽,1493
水平仪,1492
手写笔,1492
联轴器,1491
砧板/菜板,1490
衣架,1490
奶杯/牛奶杯,1490
方向盘套,1490
相框线条,1490
靠垫/抱枕,1489
电源插座,1488
黑巧克力,1488
酒店餐具,1488
喷火枪,1487
香包/香囊,1485
特殊用锁,1485
防漏杯盖,1485
牙粉,1485
夹克/皮衣,1484
楼宇对讲设备,1484
布面料,1484
手膜,1483
智能排插,1482
吊带/背心/T恤,1482
文件座/文件架/文件框,1481
小拉手,1479
十字绣套件,1479
实木地板,1478
纸皮/薄皮核桃,1476
单据/收据,1473
贺卡/明信片,1472
床护栏,1469
冰格/制冰袋,1469
汽车车标,1468
电泵,1467
工艺扇,1466
儿童皮肤衣/防晒衣,1465
呢大衣,1464
安全标志,1464
挂烫机,1463
滤水器/净水器,1461
工作台,1460
声卡,1459
口水巾,1458
组合书柜,1458
香熏/精油皂,1458
棉柔巾/洗脸巾,1458
布尿裤,1453
汽车钥匙,1453
软弹枪,1453
手动榨汁器,1453
火锅桌,1451
装饰烟灰缸,1448
压力泵,1448
拖车绳/网/绑带,1447
美甲/修甲套装,1447
座钟,1446
配套器具,1446
虾皮/虾米/海米,1445
苏绣,1444
钓箱,1443
钳形表,1443
椰棕床垫,1440
洗衣皂,1437
水果分割器,1434
安全帽,1433
芒果干,1433
安化黑茶,1433
笔记本炫彩贴,1430
收纳柜,1429
瑜伽垫,1428
扣板模块,1426
汽车灯罩框,1425
过滤器/净水器,1424
牙胶,1424
酒店桌椅,1423
床裙,1423
冷柜,1420
车用炭类吸附品,1420
转盘,1419
平开窗,1418
智能机器人,1416
防溅盒,1416
烟灶消套装,1415
扭扭车,1415
电机/马达,1415
腰靠,1414
盘,1414
身体磨砂,1413
UPVC管,1413
电动车充电器,1412
车门拉手,1412
防爆电气,1411
摩托车轮胎,1411
绳,1410
卷帘,1409
战术靴/飞行靴/沙漠靴,1409
止痒膏,1408
干花,1408
羽绒/羽毛被,1408
颈霜,1407
电动机,1407
二胡,1407
遮阳伞,1404
食物收纳盒,1403
古筝,1400
儿童袜子(0-16岁),1399
陈皮,1399
磁性贴,1399
宠物服装,1399
电磨/角磨机,1397
变频器,1396
椅子,1395
摩托车车锁,1394
商用切片机/切肉机,1393
玻璃胶,1392
观赏龟/鳖饲料,1391
环卫车/保洁车/清扫车,1390
节庆布艺用品,1389
吧台,1389
链条,1387
眼部按摩器/润眼仪,1387
自行车手机架,1387
车用密封胶条,1384
医药箱,1383
沙发套,1382
球阀,1381
油画颜料,1379
乳贴,1378
自行车包,1378
护目镜,1378
庭院门,1378
黑板,1377
纸巾架,1375
纸巾盒,1374
短袜/打底袜/丝袜/美腿袜,1374
三通,1373
创意零钱包,1373
家务手套,1371
DIY模具,1371
卡座,1369
平板手推车/工具车,1369
POLO衫,1368
户外休闲裤,1367
营地灯/帐篷灯,1366
领带,1366
文件夹,1365
连接线/转接线/延长线/数据线,1363
亲子鞋,1362
网线,1360
包包,1360
画板,1360
可降解餐具/环保餐具,1357
抽湿器/除湿器,1357
鸟笼,1353
运动背心,1353
变速箱/波箱/分动箱总成,1352
涂料添加剂,1352
生牛肉,1351
测厚仪,1347
鸡肉丸/肉串,1346
作训外套/套装/野战套装,1345
阴影,1344
CC霜,1342
洗脸仪,1341
筷子,1340
吉他音箱,1340
滚筒,1339
外拍灯,1338
水垢清洁剂/除垢剂,1338
拉力绳/拉力器,1334
运动羽绒服,1334
垫圈,1333
轮椅,1333
豆浆机,1332
胶带/胶纸/胶条,1332
洗车水管接头,1332
线切割,1329
肠胃用药,1329
日记本,1329
蛋卷饼干,1328
高尔夫球杆,1327
擦车巾,1326
装饰性吸音材料,1326
首饰袋,1322
烧水壶,1320
生猪肉,1320
感应开关,1320
刮板,1319
三元催化,1316
爬行垫,1314
理发镜台,1313
线缆工具,1312
充气床,1311
杯套,1310
电源转换器,1310
盖帽配饰,1309
商用蒸炉/商用蒸包炉,1309
开关/插座底盒,1308
罗汉床,1307
温湿度计,1306
摇摇杯,1305
电工胶带,1303
壁炉架/壁炉柜,1303
家用单机烟感探测器,1302
音乐电话,1300
耳部清洁,1300
强化复合地板,1300
绞肉机/碎肉宝,1300
汽车检测仪,1299
瑜伽中/短裤,1298
理发围布,1297
挂毯/壁毯,1297
活虾,1297
窗帘轨道,1295
玻璃水,1293
海绵擦,1292
灭火器,1292
商用炸锅,1291
密封罐,1290
牙刷架/牙具座,1289
特殊用途刀,1289
梳子/化妆梳/按摩梳,1288
果盆/果盘/果篮,1288
烧烤夹/叉/铲/针,1288
散热器/风扇,1287
安吉白茶,1287
水果叉/水果签,1285
床铃/床挂,1285
油壶,1284
裱花嘴/裱花枪/裱花袋,1284
套锅/户外炊具,1283
布贴,1281
USB风扇,1281
钓鱼灯,1280
床幔,1280
多功能切菜器,1279
工艺伞,1278
窗锁,1277
毛巾挂/毛巾架,1277
迷彩裤/军迷裤/工装裤,1277
背带/背袋,1275
桌面收纳盒,1275
浴室用品套件,1275
商用烘烤炉/烤箱,1274
拖鞋,1273
抛光机,1271
解锁/解环玩具,1270
白板笔,1269
宝宝布书,1268
飞盘/飞碟/竹蜻蜓类,1268
丝带/绸带/布带,1266
商用烤饼机,1265
碟,1265
骑行头盔,1265
沐浴按摩用品,1264
台钟/闹钟,1263
储蓄罐,1263
轮毂盖,1263
骨灰盒,1263
珠子/钻饰/花朵等配饰,1261
一次性筷子,1261
PPR管,1260
运动沙滩鞋/凉鞋,1260
网卡,1259
跑步机,1258
温控设备,1256
火花塞,1256
发电机组零部件,1254
冲击扳手,1253
插片/胸垫,1253
卫裤,1253
摩丝/啫喱/头发造型,1252
摩托车前挡风,1251
印油/印泥,1250
电动车头盔,1248
继电器,1246
电动自行车,1246
一次性打火机,1244
厨房用刷,1242
叶子板内衬,1242
核桃仁,1241
化妆套刷,1240
绿植,1239
饭盒/保温桶/保温提锅,1239
清酒/烧酒,1239
隔音隔热棉,1239
磨刀机,1238
文具礼盒/绘画套装,1238
鞋带,1237
脸盆,1236
鱼护,1236
骑士包,1235
伞,1234
LED开关电源,1234
足球,1234
羽毛球,1231
饰面板,1231
古典舞服,1231
羽绒裤,1230
减震,1228
收音机,1228
卫生间用刷,1227
折纸/手工纸,1227
平板拖把,1227
消毒柜,1227
儿童椅,1226
杏仁/巴旦木,1225
止回阀,1224
增高垫,1223
凉鞋,1223
集成板,1223
仿真绿植,1222
鞋扣,1221
车用电扇,1220
安全网,1220
旗帜,1220
健腹轮/健腹器,1219
电钻,1219
成套桌椅（原婴童）,1218
接线端子,1218
篮球球迷用品,1214
窗帘绑带,1214
拉丁舞下装,1213
电瓶搭火线,1211
锡纸/油纸,1210
喷瓶/面霜分装瓶,1209
离合器总成,1207
水上游艺设施,1207
信纸,1206
数码相机电池,1206
袖套,1205
刮刀,1205
美发刀剪,1204
票夹/长尾夹,1204
替芯/铅芯,1204
遥控设备,1203
手机贴纸,1201
溯溪鞋,1199
婴童毛毯/盖毯,1199
镜前灯,1197
衣物柔顺剂,1197
拉杆包,1196
垃圾桶,1196
鸭肉,1195
专业数码单反,1195
油泵,1194
钢珠/滚珠,1193
蒸锅,1193
广场舞上装,1190
皂盒,1189
防护面具,1189
车底防护板/发动机挡板,1189
家用剪刀,1189
焊台,1189
密封条,1188
汽车仪表,1186
定时器/计时器/提醒器,1185
调酒器,1185
游泳池,1183
衣物除尘滚/粘毛滚,1181
灭鼠笼/捕鼠器,1180
镀晶/车釉/车漆镀膜,1180
彩漂,1179
商用豆浆机,1179
魔术贴/粘扣带/固定贴,1176
腰靠垫,1176
不干胶标签,1176
后跟贴,1175
白牡丹,1175
档案盒,1174
中控锁,1174
平板电脑/MID,1173
十字绣成品,1173
饰品盒,1172
葫芦丝,1171
仿真果蔬/食物,1171
花洒/淋蓬头,1169
铅坠,1168
胸花,1168
道路灯具,1164
洁瓷剂,1163
一次性手套,1163
打孔机,1162
抹布,1161
电动滑板车,1159
家用游戏机,1159
盘香/灭蟑香/蚊香盘,1159
焊锡,1158
汽车传感器,1157
按摩椅/沙发,1156
柠檬,1156
爽身粉 /痱子粉/爽身水,1155
游泳专用包,1153
手写输入/绘图板,1153
气门芯套,1152
足浴盆/足浴桶,1151
自行车,1149
宝宝洗衣液,1149
头巾/遮耳,1149
血压计（电子血压计）,1149
鞋货架,1148
商务用花,1147
电热饭盒,1147
条案,1147
米桶/米缸,1146
密封件,1145
腰果,1145
喜字/剪纸/贴纸,1144
门禁智能卡,1144
电热管,1144
液压冲孔机/切排机,1143
农用薄膜,1142
装饰挂牌,1140
数码摄像机,1140
身体护理套装,1138
拳击手套,1138
闸阀,1138
牙签盒,1137
时尚烟灰缸,1137
保鲜盒,1137
酒塞,1137
桌布/桌旗/桌椅套/椅垫,1136
护臀膏,1136
骑士护具,1135
纱窗,1134
置地/升降晾晒衣架,1131
夹心巧克力,1131
头盔,1131
风管,1129
裤架,1128
隔音棉,1128
马尾,1128
鼻帖,1127
导轨,1127
U型枕,1127
瓷砖胶,1125
护墙角,1125
家用梯,1124
角磨机,1123
滚筒刷,1123
礼花/礼炮,1121
便携购物车,1120
胶棒,1120
钢丝钳,1118
电感器,1118
铰链,1117
筋膜枪,1117
学生书包,1116
POP广告纸/爆炸贴,1114
游戏掌机,1114
保鲜盖,1113
车用吸尘器,1113
锅铲,1112
指甲剪,1111
定制走入式衣柜,1111
电推剪,1111
卡包/证件包,1110
弹簧,1110
空调罩,1109
凭证,1109
篮球袜,1109
HID氙气灯,1108
乐器教学,1106
通用电池充电套装,1104
山地自行车,1104
除尘掸,1103
牙签筒,1102
平板电脑支架,1100
抹胸/儿童文胸,1100
电动车挡风被,1100
车载旅行床,1099
脚轮/万向轮,1098
塑身分体套装,1098
便签本/便条纸/N次贴,1097
整理架/置物架/收纳架,1097
电动三轮车,1097
吊床,1096
汽车音箱/低音炮,1096
面筋制品,1095
玻璃清洁器及配件,1094
硬盘盒,1094
儿童座椅,1092
游泳圈,1092
LED指示灯/防爆灯/投光灯,1090
电锯片,1090
枕巾,1089
握笔器,1089
擀面杖,1089
缎带/扎带,1089
食物研磨器,1089
燃气热水器,1089
儿童凳,1089
门帘,1089
车用双面胶,1087
汽油添加剂,1086
读卡器,1085
窗帘杆/罗马杆,1085
胎毛挂坠/挂件,1084
枕头,1083
蒲团,1083
车用氧吧/空气净化器,1083
陶笛,1083
手帕,1080
抄网头,1080
电控锁,1079
挤牙膏器,1078
剥壳/去核器,1077
多功能安全锁,1074
沐浴桶/沐浴盆,1074
冲锋裤,1072
护垫,1071
力娇酒/Liqueur,1070
倒车雷达,1069
卷纸器/纸巾架,1069
智能音箱,1069
应急灯,1068
踢脚线,1067
压缩袋,1065
天线,1065
童鞋/青少年鞋,1065
外球面球轴承,1064
成品窗帘,1064
摇马,1064
购物篮,1063
PLC,1063
苏打饼干,1061
瑜伽圈/普拉提圈,1061
激光切割机,1060
拳击沙袋,1059
被子,1058
浴帘,1058
机油滤芯,1056
足浴器,1055
呼啦圈,1055
地球仪,1054
唇膜,1053
寿眉,1053
气动杆,1053
吊滑,1052
实木复合地板,1051
浴巾/吸水巾,1050
玻璃防爆隔热膜,1050
低压断路器,1050
暖脚宝/暖垫,1050
照片墙,1049
粘钩,1049
磨豆机,1049
伤口敷料,1049
缝纫机,1048
车用天线,1048
温控仪,1048
反光安全服,1047
橱柜灯,1046
功放板,1046
车牌架/牌照托,1046
闭门器,1045
游戏围栏,1045
门吸,1044
电蒸锅/台式电蒸箱/肠粉机,1044
抄网杆,1043
棉签/棉棒/棉包,1043
DIY/数字油画,1043
玻璃刀,1043
家具连接件,1042
婴童凉席系列,1042
拉链,1042
儿童MP3/故事机,1041
车用水杯架/饮料架,1039
衣物用刷,1038
LED灯珠/发光二级管,1038
电链锯,1038
饰品架/柜,1036
男士护理套装,1035
照明器材,1035
点火线圈,1034
多功能刀,1034
基底精油,1033
收纳凳,1033
蹦床,1033
气泡膜,1033
户外旗杆,1032
架子鼓/爵士鼓,1032
电剪,1031
防护手套,1029
商用厨师机/和面机,1029
口罩（器械）,1029
碰珠,1028
仰卧板/健腹板,1027
仿真花,1027
佛柜/佛龛,1027
笔记本键盘保护膜,1027
理线器/集线器/绕线器,1026
电子琴玩具/儿童电子琴,1025
防晒袖套,1025
电动玩具枪,1025
水箱,1024
连接线,1024
抬头显示/HUD,1022
洗漱杯,1021
摩登舞套装(含演出服),1021
眼罩,1020
鱼缸水质稳定剂,1020
多功能玩具台/游戏桌,1020
视力保护器,1019
缝纫DIY工具套装,1019
梳妆凳,1019
百洁布,1018
杏仁/杏干,1017
毛边纸,1017
车载冰箱/保温箱,1017
新娘手捧花,1016
花篮,1015
面铣刀,1015
儿童椅（原婴童）,1014
车用显示器,1014
管子割刀,1013
平板卫生纸,1013
水平尺,1012
西餐勺,1011
绳子,1010
创意迷你植物,1010
测电笔,1009
洗漱包,1009
乐器包,1009
电动窗帘,1009
储物罐,1008
乒乓套胶/海绵/单胶片,1008
挂锁,1008
打气筒,1007
转接环,1007
电烙铁,1007
柴油发电机,1007
车刷,1006
石棉瓦,1005
咖啡勺,1005
电热圈/片/盘/板,1004
冰桶,1004
工矿灯具,1003
洁面皂/洁面产品,1003
瑜伽球,1002
防抓手套/护脚/护膝,1002
口腔清洁,1002
台球杆,1001
餐台脚,1000
角柜,1000
羊毛刷,999
吸汗巾/垫背巾,998
光纤跳线,998
消毒机/活氧机,998
胎压监测,998
微波炉手套,997
上下摆臂,997
垃圾袋,996
电脑插座,996
收纳箱,996
电子变压器,996
刹车卡钳,996
干发帽,995
吹风枪,995
枕套,994
尿片/尿垫/护垫,993
压缩机及空调部件,993
色精,993
西湖龙井,992
贝类制品,992
宠物背包,991
360全景/SVC,990
普通型合页,990
营养（消化）饼干,989
内存,989
视频线/音频线/AV线,989
吊牌,989
乒乓底板,988
塑焊机,988
智能眼镜/VR设备,987
定位器,987
烘焙用纸,986
单双杠/引体向上,986
楼梯扶手,985
隔音耳塞,983
水壶,983
气动铆钉机,983
电焊丝,983
挂钩,982
封口夹,982
挂扣,982
浴盆,981
牛杂类,981
货架附件,980
热胶枪,980
虾,979
前掌垫,978
面粉筛,977
数据线,976
应急启动电源,976
台湾高山茶,975
浴刷,975
白兰地/Brandy,974
信阳毛尖,974
睡衣上装,974
化妆品货架,973
车用点烟器,973
打蛋器,971
热电偶,970
汽油滤芯,969
力量训练器械(综合型),969
喷油嘴,968
账本/账册,968
平板电脑屏幕贴膜,968
瓷砖/玻璃贴,967
摄影包,967
车铃/喇叭,967
园艺剪,966
厨房纸巾,965
牛丸/肉串,965
儿童沙发,965
自平衡电动车,965
防撞角,964
护洗袋,964
双面贴物器,964
门锁盖,964
任天堂 SWITCH游戏软件,964
剥线钳,963
车用空气净化/清新剂,962
桌布,961
管道疏通器,960
电焊条,960
线孔盖,959
抱枕,959
方向拉杆部件,959
育苗盘/营养钵,959
酒具套件,958
保温包,958
兔兔干草,957
铲子,956
沙滩裤,955
刹车泵（ABS）,954
别针/回形针,954
空气滤芯,954
防护服,954
文房墨汁,954
马桶刷/厕所刷,953
健身球/保健球,952
齿轮减速机,952
生羊肉,952
软木板/照片板/毛毡板,951
烧烤网,950
高尔夫球,950
烙铁/电焊头,950
硝化细菌,949
面扑/粉扑,949
电热敷盐包,949
电动四轮车,948
烧烤刷,947
风琴包/事务包,946
发饰,946
蟹类制品,946
锅盖架,946
太极鞋,946
钓鱼椅、凳,945
整体楼梯,944
单电微单,944
贴纸/贴膜,943
圣诞礼品,943
竹炭包/炭盒/活性炭,941
屏风,941
热水瓶,941
创意/设计玩具,940
高尔夫鞋,939
综合布线,938
促销架/促销车,938
篮球架/篮球框,938
一次性内裤,938
灭蚊灯/吸蚊机/灭蝇灯,937
骑行眼镜/风镜,936
眼部清洁,935
套管,934
闹钟/投影钟,934
仿真果蔬,933
电工维修工具,933
紫菜,932
MINI按摩器/按摩贴,932
剥蒜器/压蒜器,931
杯子,931
定时器,931
滴眼液、护眼用品,930
木蜡油,929
管夹,929
软壳衣,929
健脾益肾,928
悠悠(溜溜)球,927
网络高清播放器,927
家用雨伞架,926
轴承,926
包饺子器,926
空调滤芯,926
橙,926
花露水,924
机用锯条,924
交换机,924
深沟球轴承,923
束发带,923
水性木器漆,923
袖/腿套/束管带,923
手工串珠/穿珠/首饰编织,922
装饰坐盘/挂盘,921
浴室角架/置物架,920
宣传栏,920
微波炉罩,919
干贝/瑶柱,919
椅垫,917
叠叠圈/叠套玩具,917
电茶炉/煮茶器/奶茶机,917
防蚊贴/防蚊手环,917
沙滩外套,916
指甲钳,916
内衣收纳盒,915
量勺,915
轮胎维修工具,915
肚围/护脐带,915
暖手宝,915
按压式饮水器,914
大班椅/老板椅,914
圣诞树,914
摩托车机油,913
增压器,912
主板,912
砂带机,911
传动带,911
防盗窗,911
饭盒袋,911
POP广告用品,910
茶道/香炉,910
发电机,909
斩骨刀,908
扩孔钻,906
超声波驱蚊器/电子驱蚊器,905
怀表,904
工装鞋,904
管堵,904
摩托车尾翼,903
培训椅（新增）,903
旅行装/体验装,902
秋千,902
开关电源,902
门挡,901
面镜,901
空调控制面板,900
生蚝,900
电子琴,900
舞蹈鞋,900
手脚印,898
商用冰淇淋/甜筒/雪糕机,898
手把,897
收发器,897
图文信息/采集卡,897
电动批头,896
智能儿童手表,896
胶带,895
马桶套/马桶座圈,895
乒乓球,894
移动硬盘,894
钢琴罩,893
沙滩车,893
杯子套装/情侣对杯,890
五金工具箱,890
推拉力计,890
煮蛋器/蒸蛋器,889
电扇/风扇防尘罩,889
厨房置物架/角架,889
刨冰/碎冰/冰沙机,889
同学录/纪念册,889
挂钩/粘钩,888
逆变器,888
沐浴球,887
凉席/竹席/藤席/草席/牛皮席,886
运动POLO衫,884
创意玩偶,884
眼贴,884
解放鞋/回力鞋/帆布鞋,884
围棋,884
空气循环扇,883
杯架,882
工艺船,882
全套勺铲,881
美腿机/腿部训练器,881
暖气片/散热器,881
笔记本屏幕贴膜,880
整理隔板,879
供桌,879
花边/蕾丝,878
口香糖,878
洗衣凝珠,878
龙井茶（非西湖）,877
婴儿/儿童游泳圈,876
挡圈,876
家具锁,876
乒乓球成品拍,876
蒸格,876
牙签,874
防撞条,873
漏勺,873
水具套装,873
冷冻鱿鱼,873
旋转拖把,873
寄存柜/快递柜,872
迷你风扇,870
桃,870
风湿骨外伤,870
围裙,870
安全带,870
变压器,869
礼金簿/签名册,868
仿真照相机,866
餐桌+餐椅,866
墙体外保温体系,865
钓鱼伞,864
防雨布,863
家居袍/睡袍,863
轴承座,863
太阳能电池组件,862
开水机,862
电动/遥控船类,862
芒果,862
洗脸刷/化妆刷,861
救生衣,861
照明电筒,860
空调旋钮,860
日照绿茶,860
花坛,860
螺丝批组套,860
造口袋,860
煎铲,859
厨房点火器/点火棒,859
节拍器,859
口腔清新剂,858
膨胀螺丝,858
赛车鞋,857
静电防护刷,856
防水材料,856
肩带,855
箫,854
宝宝防晒乳/露,853
垃圾筒/烟灰皿,852
电动车外胎,852
运动棉衣,851
调味瓶罐,851
学习机/教育伴学机,851
钉,850
分配器/分频器/分支器,850
鞋刷/鞋擦,849
塑料摇臂喷头,849
应急包/自救包,849
鱼缸净水剂,849
花架,848
耳勺,847
收纳挂袋,847
灯附件,846
公园椅,846
名片盒,845
大型篱笆/栅栏,845
乘用车轮胎,844
坐垫/鞍座,843
国画颜料,842
跳跳玩具/跳跃类运动,841
寿司套件/料理套件,841
通用变频器,841
台球桌,841
教学仪器/实验器材,841
挂饰/挂牌,840
随身化妆镜,839
挂钩/挂球,839
情侣装泳衣,838
车身维修工具,837
水牙线/家用冲牙器,837
机床工具,837
调音器,834
运动壶/旅行壶,833
皂网/架,832
电磁继电器,831
斜嘴钳,831
百香果,831
防冻液,831
服务器/Server,831
护发精油,830
柜内裤架,830
水份仪,830
线盒,829
拉花,829
机柜,829
搓脚板/洗脚刷/磨脚石,829
胶棉拖把,828
USB灯,827
亲子家庭装,826
口罩收纳盒/袋/夹,826
自行车外胎,824
相机背带,823
电熨斗,822
配线槽,822
汽油发电机,822
枣,821
扇子,821
抱婴腰带/腰凳,821
生鸡翅,821
小提琴,820
羽毛球包,818
萨克斯风,818
针管笔,816
耳套,816
金属探测器,815
烧烤炭,814
饭勺,813
支架灯,813
滤酒器,813
印台,813
男士沐浴露,812
汽车车衣,812
美臀垫/保健坐垫,811
电阻测试仪,811
文化创意餐具,811
织布机/手工编织/刺绣类,810
手腕花,809
婴童蚊帐,809
筹码,808
汤勺,807
床尾凳,807
嵌入式硬盘录像机,807
计数器,806
黄山毛峰,806
吊钩/抓钩,805
茶托,804
洗车海绵/洗车泥,803
电热工具,803
椅套,802
黑胶唱片机,802
工业电炉,802
隐形眼镜伴侣盒,801
饵料盒,800
沙发凳/脚踏,800
宝宝洗衣皂,799
扫把,798
皮布沙发,798
甲醛清除剂,798
内六角扳手,797
花草茶具,796
桑拿汗蒸浴箱/桶/袋,795
台虎钳,795
手胶/吸汗带,795
电流互感器,795
计划表,794
盆,793
圆车刀,792
综合训练鞋/室内健身鞋,792
兔兔主粮,791
进气总管,791
信号灯/发光棒/救生灯,791
空调防尘罩,790
按摩足疗机,789
按摩油,789
皮裤,788
婴童床品套件,788
兰蔻 水份缘化妆水,788
口鼻清洁杀菌消炎剂,787
车载MP3/MP4,787
幸运星/瓶,786
琴弦,786
飘逸杯,785
G/F字夹,785
餐具笼/架,785
冷冻章鱼,785
汗蒸服,784
雨衣/雨裤/雨披,784
防潮膜（地板膜）,784
手推学步玩具,783
尖嘴钳,782
固态继电器,782
十字卡,780
衣杆,780
按摩披肩/肩背敲击按摩带,779
订书钉,779
颜料,779
游戏叠叠乐,778
铁艺沙发,776
户外桌子,776
雨披/雨衣,774
蓝莓,774
建筑模板,774
润滑油,772
洗鼻器／吸鼻器,772
笔记本电池,772
大衣/西服罩,770
隔音板,770
摩托车喇叭/音响,770
风扇,770
原木木方,769
隐形眼镜,769
扭力扳手,768
成套灯具,767
智能摄像,767
集成灶,766
安全锤工具,766
启动马达,765
滑雪衣,765
点火器,765
拾音器,765
文化创意冰箱贴,765
坦克/军事战车,763
伏特加/Vodka,763
海螺/贝壳/珊瑚,762
马刀锯/往复锯,761
工兵铲/工兵锹,761
嘴套,760
除螨仪,760
切断车刀,760
音响脚架/机架,760
不倒翁,759
截止阀,759
古琴,759
卷尺,758
水表,758
羽绒马甲,758
显卡,758
足浴/桑拿沙发,758
健美操套装,757
效果器(舞台),757
音频模块/功放模块,757
锅组套装,756
哨片,756
演讲台,756
炕几,755
毛巾/浴巾/吸水毛巾,755
电子数显卡尺,755
夹子,754
笔类,754
万能盖巾,753
化妆镜,753
保温碟/垫,753
小型晒衣架,752
手机信号放大器,752
苹果视频线/转换线,752
喜糖,752
摩托车车架,751
瑜伽砖,751
酸度计,751
笔记本膝上桌,751
常用简易接头,751
刹车片/刹车系统,750
感应灯,750
即食板栗,750
榻榻米定制,750
儿童坐便凳,749
碧螺春,749
监控显示器,749
明插销,748
音频/视频无线传输器材,748
干燥箱,748
摩托车减震器,747
投资贵金属,747
汽车座椅,747
花果果粒茶,746
取暖炉,746
电子温湿度计,746
鸡胸,745
钢丝球,744
普通稳压器,744
脚撑/停车架/骑行台,744
松子,744
电蚊拍,743
晒衣篮,742
盘发器,741
汽油机,741
握力器,741
微波炉,741
奶瓶果蔬清洗液,740
带轮,740
钢丝吊码,740
水族药品药剂,739
床刷,738
梨,738
谱架/谱台,737
训练器,737
蚊帐,737
车轮锁/车位锁,737
皮草/仿皮草,737
头部防护用品,736
宝宝剪刀/指甲钳,736
窝,734
球迷用品,734
自行车把套,734
拳击护具,732
麻花钻,732
漏斗,732
门禁读卡器,732
手部防护用品,731
方向助力泵,731
汽车儿童安全座椅,731
家居裤/睡裤,730
脏衣篮,730
眼镜袋,729
花园管/软管/包纱管,729
身体皂,728
婴儿手抓球,728
和室几桌,728
足膜,727
车掸/蜡拖,727
笔记本电源,727
虾仁,727
润滑设备及工具,727
黄鱼,726
奶瓶刷/奶嘴刷,724
快装板,724
角尺,724
漂白剂,722
中国象棋,722
水塞,721
数码显微镜,721
名字贴,720
刹车片,720
厨师机/和面机,720
充电器,719
孔车刀,719
钢板网,719
开心果,718
家用工具组套,717
兰蔻 小黑瓶面部精华,717
床,716
口腔护理套装,716
三节甩棍/伸缩棍,716
摆臂球头,715
三角巾,715
丰胸乳霜,714
被子防尘袋,714
漏食球,714
电陶炉,712
根雕,712
太空豆,711
示波器,711
窗帘扣,709
车用灭火器,709
财务证明用品,709
三明治机,709
尺子,708
调奶器,708
角码,707
自行车刹车装置,707
土豆,706
调音台(舞台),706
手提秤/挂秤,706
门板,705
纱窗/纱门,704
化妆品展柜,704
自行车手套,704
浴擦,703
电动车反光镜,703
摩托车仪表,703
棘轮扳手,703
切片机/切肉机,702
按摩床,702
蒸汽清洁机,702
雪茄剪/刀,702
开关贴,701
保温袋,701
风速仪,701
宝宝洗手液,700
勾线笔,700
瑜伽袜子,700
生姜,700
拉杆箱,699
喷泉/水景景观喷头,699
指示表,698
奶粉储存盒/奶粉盒,698
车载加热/保温杯,697
高压线,696
运动毛巾,696
普通数码相机,696
奇异果/猕猴桃,695
成套监控系统,695
红丹粉/铅红,695
吸铁石/磁铁/强磁/巴克球,695
水口钳,694
甩脂机/律动机,693
桌脚垫,693
蒸汽刷/手持挂烫机,693
排梳,693
男士爽肤水,692
鞋撑,692
鱿鱼干,692
夏威夷果,692
清洁套装,691
涨紧轮,689
卤肉类,689
防霉防蛀,688
鞋子,688
脚踏/轴承/滚珠,687
洗衣机罩,687
砂纸机,686
咖啡滤纸,686
草莓干,685
槟榔,684
商用制冰机,683
足霜,682
锯片,682
家饰软装搭配套装,682
席位卡,682
鞋罩/靴罩/鞋袋,681
田径运动鞋,680
油漆刷/滚筒,680
电热杯,680
蔬菜干,679
台锯,679
笔记本个性小贴纸,679
伴手礼,678
电视机罩,677
坐便椅,677
天文望远镜,676
玻璃夹,676
蓝牙模块,675
卡林巴/拇指琴,674
加香机,674
风镜,673
挥杆练习器,673
桑拿手牌,673
色子/骰子,671
海带零食,671
晾衣杆,671
活扳手,670
转换器,669
光纤终端盒,668
游标卡尺,667
气门部件,666
厨房小工具套装,666
皮带,665
空调清洁剂,665
两用扳手,664
时间继电器,664
健身车/动感单车,664
高尔夫手套,663
界铝机,663
面包架,663
家用气体检测报警器,663
膨胀螺栓,663
回音壁音响,662
换气模块,662
肚皮舞腰链,661
羊角锤,661
电动车遮阳伞,661
花托/移动托盘,660
飞行棋,659
遮光罩,659
线缆钳,658
浴帘杆,657
水拖,657
高尔夫球包,657
后备箱弹簧助力器,657
祛螨包,656
鸟,656
鱼鳞刨,656
切纸刀,656
贵妃椅,656
肉丸/肉串,655
自行车头巾,655
扒胎机,654
鹅肉,653
三滤套装,653
搓泥浴宝,652
多米诺骨牌,651
解码器,650
组合套装,649
红酒架/柜,649
路锥/方锥/反光锥,648
滑雪护具,648
幼儿园专用床（原婴童）,648
吸色片,647
婴儿健身器,646
户外功能手表,646
滑动轴承,645
引擎维修工具,645
眼镜货架,645
榴莲,645
打地鼠/敲击果虫,644
抄网,644
茶几+电视柜,643
生理裤,642
纸巾套,641
浴帽,639
自动喂食器,639
单控开关,639
凉菜/凉拌,639
便携/折叠餐具,638
链轮,638
齿轮,638
卫生棉条,637
可爱印泥,637
杀菌消毒设备,636
水果架,636
整蛊用品,633
马克杯盖,633
遥控器套,633
飘窗柜,633
舒适进入,633
通花板,633
铝合金阳光房,633
电动手拍鼓,633
杀菌灯具,632
野餐篮/鸡蛋蓝/食品袋,632
鞋套,630
电动车坐垫,630
厨房墙壁置物架/厨房墙壁挂架,629
电动折叠后视镜,629
健美操下装,629
静电除尘纸,628
装饰架/装饰搁板,628
吊柜/壁柜,628
海蜇,628
鸡熟食,628
摩托车车衣/车罩,627
洒水/浇水壶,627
6角套筒,627
圆规,627
男士面膜,626
榻榻米垫,626
耙子,625
切切看,625
机用丝锥,625
电子玩具,625
松紧带,624
启动杆/刹车拉杆,624
安全链/扣,624
铁皮剪,624
保险片,623
茶巾,623
摩托车脚踏板,622
玻璃清洁剂,622
焊炬/枪,622
锅盖,621
八音盒/音乐盒,621
切蛋器,620
停车牌,620
居家亚麻拖鞋,620
贴章/魔术贴章,619
海洋球/波波球,619
摩托车外壳,619
卤钨灯,619
磨刀石,619
虫胶漆片,619
花艺纱网/纺织布,618
五金工具货架,617
祁门红茶,617
轻便车/通勤自行车,616
取暖桌,616
水晶珠/玻璃珠,614
大蒜,614
停车号码牌,614
电动摩托车,614
汽车电瓶/蓄电池,613
零件盒,612
喜饼/诞生礼饼,612
红外摄像机,611
儿童乳液/面霜,610
卫生巾收纳包,610
猪排,610
冷藏展示柜,610
敲肉锤,609
色卡,609
锄头,607
臭豆腐,607
火车模型,606
摩托车后视镜,606
蜗轮蜗杆减速机,606
即热式热水器,606
教鞭,605
奶瓶把/手柄,605
瓶/罐,604
抽芯铆钉,604
咪罩,604
螺丝机,602
现代舞配件,602
实验柜,602
酒店单间/标间/成套家具,601
装鱼桶,601
进气歧管,600
PCB电路板/印刷线路板,600
油箱/油箱盖,600
运动风衣,600
减速带\减速垄,600
兔肉干/兔丁,600
民谣吉他弦,600
肚皮舞配饰,599
方向机总成,597
油灰刀,597
花瓣/仿真花瓣,597
解热镇痛,597
轮胎防滑链,597
水温计,596
橡皮筋,596
铲刀,596
防晒面纱,596
粘毛器,595
云石胶,594
电动车防晒衣/披肩,592
鼓墩/绣墩,592
兔,591
桔子,591
气动扳手,591
赛车裤,589
多件套 帽子、围巾、手套等组合,589
食物垃圾处理机,589
修边机,589
变调夹,588
报警喇叭\警号,588
腿部防护用品,587
定时器/计时器,587
摩托车坐垫,586
洗碗机,586
野餐餐具,586
儿童安全带套/固定器/延长带,586
兰蔻 菁纯面霜,586
新鲜山药,585
USB暖手宝/暖手袋,585
御泥坊 氨基酸泥浆面膜,585
防潮垫/抽屉垫,584
驱蚊贴,583
摩托车电瓶,582
电脑切换器/分配器,581
敲琴,581
炉头,580
折叠自行车,580
弹簧合页,579
夹子/收纳夹子,579
宝宝棉棒/棉签,579
柜镜/梳妆镜,578
地面清洁剂,577
除尘刷,577
工具包,577
红外探测器,577
电热丝,576
网球拍,576
拾便器,576
柔光器具,576
搅拌棒,575
鼓棒/鼓锤/鼓槌,575
竖笛,575
执手,574
层板拖,574
气动螺丝刀,574
兰蔻 柔皙bb霜隔离乳,574
电热水龙头,573
综合效果器,573
量规,572
汽车防盗器,572
带鱼,572
狗厕所,571
电圆锯,571
应急灯/维修灯,570
伸展带/瑜伽绳,569
多功能料理锅,568
休闲椅,568
手动套筒扳手,567
实验台,567
探鱼器,567
门镜/猫眼,567
电锤钻头,566
消防水带,566
调速开关,566
扇贝,566
卷发片,566
照度仪,566
千分尺,565
镜布,563
叶菜类,563
茶烟,563
乐器指甲,562
组合音响,561
网球鞋,561
便条夹/照片夹,560
家用除霉剂,560
发圈/发网,558
儿童玩具表,558
反光带,558
RF模块/射频模块,558
接杆,557
泡沫胶,557
焊剂,557
兰蔻 净澈焕肤极光水,557
居家亲子拖鞋,556
推拉窗,556
热电阻,556
画笔/画刷,556
电动车手套/护手,555
矮柜,555
户外应急装备,554
钢丝刷,554
宝宝贴,554
木铲,553
平板电脑零部件,553
战术腰带/皮带/腰封,552
雾化器,552
美甲台,551
轴承装卸工具,551
鞋子收纳架,551
冰箱除味剂,549
铁丝,549
奶瓶消毒器/消毒锅,549
气动搅拌机,549
自动售货机,549
竹签,549
塑料膨胀管,548
手机电池,548
婴童/儿童三件套,548
松花/皮蛋,548
电位器,548
封口膜,547
胶囊咖啡,547
吉他背包/琴盒,547
抹泥刀,546
二极管,546
扒炉/铁板烧/手抓饼炉,546
果仁巧克力,545
镇纸,545
涂鸦笔,543
蔓越莓干,543
机械硬盘,543
腰带,542
数字屋/形状盒/多孔认知玩具,541
USB翻页激光笔,541
商用消毒柜,541
鼻毛修剪器/电动修眉器,541
警示牌,540
汽车防静电用品,539
鱼糕/鱼饼,539
补气补血,539
瑜伽外套,539
节温器,538
鸭蛋,538
裤型卫生巾,538
足球袜,538
创意陶瓷,537
罗汉果,537
意见箱/抽奖箱/信件箱,536
钢丝绳,536
吊架,536
培训台,536
工艺画,536
大工椅/师傅椅,535
啦啦队彩球,535
家居服上装,534
海绵垫/体操垫,534
肚皮舞上装,533
摩托车滤清器,532
手指练习器,532
隔热保温片,531
双肩包,531
衣叉,530
梅酒,530
椰青,529
电动车车篮/车筐,528
摩托车导流罩,528
多士炉/早餐机,527
爬虫/鸣虫食物,527
头部按摩器,526
DS/3DS游戏软件,526
垃圾夹,525
青蟹,525
镰刀,525
护理液,525
冰夹,524
追悼/奠仪用花,523
咖啡套具,523
文化创意杯子,522
太极剑,522
特种涂料,521
橄榄,521
软陶泥,521
白毫银针,521
少女文胸,521
托辊,520
水晶头,520
洗碗机用洗涤剂,519
跳跳床/蹦蹦床,519
车篮/车筐,518
洗发帽,517
棉裤,517
冷饮/饮料机,517
棉签棉球（器械）,517
滚针轴承,516
测线仪,516
床头罩,516
穆勒鞋,516
地漏防臭器,516
留香珠,515
智能开关,515
金属摇臂喷头,515
一次性桌布,514
数码相机充电器,514
等离子切割机,514
开门机,514
光电/激光器件,514
吹奏玩具/乐器,513
瑜伽发带,513
宝宝理发器,511
新车定金,511
红外夜视仪,510
拨片/拨片套,510
地弹簧,510
自行车轮组,510
灭火箱,510
关节轴承,509
琵琶,508
兰蔻 菁纯眼霜,508
自行车贴纸/反光贴,507
安全门卡,507
高尔夫杆套,507
撬棒,507
餐桌罩,506
美容剪,506
手把套,505
推杆练习器,505
植物生长灯,505
移动路由器,505
梅花扳手,504
储粮桶,504
粘蝇纸,504
卷扬机,504
柚子,504
手机防尘塞,504
障碍物/标志物,503
尘推头,503
商用制冷工作台,503
酒店床品套件,502
电刨,501
开罐器,501
唇笔/唇线笔,501
马桶贴,500
水壶架,500
搓衣板,500
叠衣板,500
腕力器/腕力球,500
音频插座,500
助听器,500
泥螺,499
电子鼓,499
长寿果/碧根果,499
显示器件,498
大闸蟹,498
脚蹼,498
电脑耳机/耳麦,497
出行辅助,496
抛光盘,496
控鱼钳,496
新鲜玉米,496
褥疮垫（器械）,496
婚车鲜花,495
建盏,495
一次性洗脸巾,495
实验电炉,494
网络测试仪,494
妇科用药,494
运动连衣裙,494
电动打蛋器,494
管帽,494
无花果干,492
喷淋头,492
执法记录仪,492
地面保养剂,491
镗刀,491
眼部护理套装,490
套装玩具,489
鱼肝油,488
老年代步车,488
男士BB霜,488
医用口罩,488
沙发+茶几,487
直管荧光灯,486
电子巡更系统,485
颈椎牵引器（器械）,485
胶棉拖把头,484
虾干,484
防潮箱,484
手机U盘,484
18650电池,483
工业烤箱,483
笔架,483
眼镜螺丝刀,483
振动盘,481
叶子板,479
广场舞裤,479
跆拳道脚靶,478
非洲鼓,478
空气净化剂,478
年检车贴,477
烧烤针,477
塑胶封边条,476
吉利服/伪装服,476
门把手套,475
人造大理石,475
榛子,475
连接线/连接器/转换器,475
儿童击打乐器,474
鞋拔,474
零钱包,473
鼻眼清洗液,473
显微镜,471
电源/适配器,469
基膜墙纸胶套装,469
浴裙/浴袍/浴衣,469
滑雪板,469
滑雪眼镜,469
鳕鱼,468
脏衣桶,468
辣椒,468
电工剪,467
CD播放机,467
无线电波探测仪,467
防滑贴,466
桌面清洁套装,466
擦鞋器/刷鞋机,466
笔,466
显示屏/LCD液晶屏/LED屏/TFT屏,466
网络线,465
维矿物质,464
Wifi模块,463
MIDI键盘,463
制氧机/氧气袋/氧气瓶,463
氙气灯安定器,462
铃类乐器,462
散热器,461
电视机遥控器,460
智能插座,460
即食虾零食,460
电源滤波器,459
安全带及调节器,458
花艺缎带,458
算盘,458
床头靠垫,458
跳跳球/蹦蹦球,457
定制整体衣帽间,457
航空箱,457
视频会议,457
三文鱼,457
火龙果,456
生羊排/肋排,456
管子钳,456
文化创意文具,456
儿童桌（原婴童）,455
芽接刀,455
通用脚垫,454
防撞胶粒,454
调速器,454
牛肉卷/片,454
墨鱼干,454
USB驱蚊器,454
打碟机,453
椭圆机,453
打奶器,453
计步器,452
羊毛被/驼毛被,452
兰蔻 小黑瓶眼霜,452
电动曲线锯,451
椰子油,451
力量训练器械(局部型),451
甲鱼,451
摩托车维修工具,451
GPS支架,451
楼梯立柱,450
呼吸管/呼吸器,450
封口/封杯机,450
话筒,450
木瓜,449
松香,449
调羹/饭勺,449
激光笔,449
点火器/点火装置,448
衣领净,448
骑行鞋,448
新鲜松茸/菌菇,448
口风琴,448
发热芯,447
汽车空调,447
汽车功放,447
孵化器,446
蔬菜篮/水果篮,446
粉笔,446
纱布尿布,446
门磁报警器,445
电动车儿童座椅,445
木屑,444
学步车,444
钓鱼船推进器,444
负重设备,443
鳗鱼,443
地埋旋转喷头,442
清洁保护品,442
挂衣钩,442
葡萄/提子,441
出行用品,441
压缩饼干,441
绳结玩具,441
胶带座/封箱器,440
色浆,440
切割/雕刻垫板,440
摩登舞鞋,440
抽气泵,439
液压弯管机,439
餐具消毒机,439
香蕉,439
锅炉,438
南瓜,438
医用用具,438
硅藻泥,435
格栅/面板灯,435
导向牌,435
吹水机,434
健美操上装,434
芭蕾舞演出服,434
台式净饮机,434
宝宝护唇/润唇,433
机油添加剂,433
光端机,433
桑椹干,433
贡眉,432
速度球/发泄球,432
摄影棚,432
园艺刀剪,431
摇杆,431
二氧化碳设备,430
蛋清分离器,430
厨房雕刻刀,430
摩托车轮毂,429
抛光机/封釉机,428
软体组合器材,428
金桔类制品,428
纤体霜/凝露,427
臂力器,427
电源控制器,427
杠铃,427
噪音仪,426
高尔夫球帽,426
影碟机/DVD/蓝光/VCD/高清,426
马桶垫,425
卡通花,425
网络延长器,425
外置声卡,424
电缆线,424
洗发杯/水勺,424
皮头/杆头,424
桌椅脚套/桌脚垫,423
保护器,423
车厘子/樱桃,422
越野跑鞋,422
脚掌滋润/防滑/护理,422
普通密码锁,422
鞋套机,421
相机闪光灯,421
耳放,420
拐杖（器械）,420
毽子,419
双截棍,419
钢直尺,419
沙锤/沙蛋/沙球,418
幼儿学爬玩具,417
皮具皮革护理剂,417
投掷套圈,417
钓台,417
直排轮子,417
户外眼镜,417
行星齿轮减速机,416
水马\防撞桶,416
冰箱贴纸,416
紧凑型节能荧光灯,415
家用麻将,415
巴沙鱼,415
路亚钳,415
纪念册,414
安装锤/胶锤,414
乐器工具,413
草莓,413
广场舞半身裙,413
摩登舞下装,413
内衣货架,413
马鲛鱼,413
兰蔻 小黑瓶大眼精华,413
羊肉类,412
食物咬咬袋,412
金酒/Gin,412
太阳能充电器,411
报刊架,411
气压表/胎压表,411
人体感应开关,411
GSM/GPRS/3G/4G模块,411
内饰改装翻新,410
电动醒酒器,410
子母铆钉,409
软壳裤,409
洗护球,409
摩托车离合器,408
制动器总成,408
桃干,408
电动车线类,407
智能健康,407
电动车护膝,407
拨浪鼓,406
驴肉,406
番茄,406
南瓜灯,406
绘图/白图纸,405
钓鱼剪刀,405
战术双肩背包,405
香熏精油,404
摩托车化油器,403
跆拳道服,403
香熏蜡烛,403
测亩仪,403
六堡茶,403
旅行茶具,403
双控开关,402
门/窗钩,401
脱钩器,401
防火门,401
镊子,400
绑钩器,400
自动变速箱油,400
干鞋器,400
预调鸡尾酒/Alcopop,399
婴童防护口罩,399
家庭影院,398
脚饰,398
洗澡/按摩刷,398
钓鱼帽,397
商用肠粉机,397
哨子,397
油漆笔,397
焗油帽/蒸汽护发帽/护发仪,396
钢化玻璃,396
面具,396
射频器/转换器,396
捆扎带/车把带,395
自行车内胎,395
蚊香片,394
吊篮/吊椅,393
抗菌消炎,393
车用电子钟表,393
种球,392
激光焊机,392
工程/民用/活动/救灾帐篷,392
兰蔻 清滢清洁卸妆乳GFE,392
外墙乳胶漆,391
根雕凳子,391
餐桌椅系列,391
无味蜡烛,390
飞镖盘/飞镖靶,390
木刨,390
工具柜,389
果蔬消毒清洗机,389
备用油箱,388
双头呆扳手,388
水弹枪,388
泥除/挡泥板,388
躺床,388
柿饼,388
感应垃圾桶,388
气动套筒,387
防虫/防蚊用品,386
暴走鞋,386
吉他背带,386
祛疤产品,386
高尔夫球钉,385
固态酒精,385
定时器/提醒器,385
冷冻墨鱼,385
内置式膨胀螺栓,385
肚皮舞下装,385
复读机,385
莲藕,384
报表,384
定制淋浴房,384
酸奶机,384
书报架,383
行星摆线针轮减速机,382
兰蔻 清滢清洁洁面乳,382
瑞士军刀,381
汽车防雨/防雾膜,381
朗姆酒/Rum,381
立钟/落地钟,379
吉他连接线,379
俯卧撑架,379
商用爆米花机,379
堂鼓,379
LED化妆镜,378
指南针/温度计/气压计/高度计,377
摩托车氙气灯,377
打水板/浮板,376
保暖棉衣,375
挂历,375
兰蔻 立体塑颜凝露水,375
拖把桶,374
一次成像,374
假发,373
屏幕保护膜,373
电瓶充电器,373
浴网/浴兜,372
浴霸专用开关,372
低压熔断器,372
松茸,372
水盆,372
冰贴,371
合成（处理）钻石手饰,371
有机玻璃棒,371
喂药器,371
兰蔻 水份缘日霜,371
电子管,370
笛头,370
畜牧器械,370
太平猴魁,369
大力钳,369
水车架,369
空竹,369
兰蔻 立体塑颜眼霜,369
XBOX游戏软件,368
沙发脚,368
平板电脑外接键盘,368
乒乓球鞋,367
咽喉,367
花桶,367
首饰架,366
围椅,366
护理床,366
厨卫防水贴/条,365
身体磨砂膏/去角质膏,365
前台椅/吧椅,365
石膏像,365
木工带锯,364
维修工具箱,364
调料,364
兆欧表,363
排球,363
钻石绣,363
计时工具,362
厨宝,362
VGA线,361
CPU主板套装,361
鸡眼铆钉,361
车用水桶,361
胆机,361
食盆,361
西餐刀具,360
化妆棉,360
排椅系列,360
兔兔零食,360
滑雪头盔,360
双皮奶/姜汁撞奶,359
USB延长线,359
防触电保护,358
吸鼻器,358
水箱保护网,358
CPU,357
吉利丁片,357
六安瓜片,357
防霉防蛀片,356
簸箕,356
蟹系列,356
安全绳,356
螺,356
运动半身裙,356
野餐垫,356
户外桌椅套装,356
熔丝/保险丝座/断路器/保险管,356
触摸开关,355
起重钳,355
电子阅览器/电纸书,354
微波炉专用盒,354
奶嘴链,354
低音炮,354
乐器罩,354
手部保养套装,353
豆腐干/香干,353
羽绒内胆,353
桌面清洁器,353
体温计类,353
圆柱冲,352
台球,352
收录机/手提CD/面包机,352
菠萝蜜,352
猫砂铲,352
汽车弹簧,352
一次性汽车座椅保护套,352
线帘,351
转速表,351
插头/接口,351
汽车文化产品,351
面包刀,351
裁判专用哨,351
智能公仔/娃娃,351
起重滑车,350
皮革,350
牙具,350
兰蔻 清滢眼唇卸妆水,350
电动套丝机,349
艺术漆,349
塑料水袋,348
旋具套筒,348
鹅蛋,348
李子,347
烤串机/电烤炉,347
拔罐器（器械）,347
角接触球轴承,346
电动修脚器,346
垃圾架,346
胸饰,346
清洗剂,345
毛巾柜,345
玻璃修复工具,344
USB吸尘器,344
车载CD机,344
铝塑板,344
茶吧机/泡茶机,343
创意/设计灯,343
雨衣,343
旅行包,343
求生绳/逃生绳,342
光驱/刻录/DVD,342
电视墙与操作台,342
兰蔻 立体塑颜日霜,342
和纸胶带,341
餐巾,341
钥匙箱,341
战术背心,341
西餐餐叉,340
筛盅,339
保温包袋,339
黄茶,339
面膜,338
板牙,337
雨棚,337
猴头菇,337
收纳瓶,336
更衣/沐浴帐篷,336
眼镜链,336
针灸器具（器械）,336
中继器/扩展器,335
体重秤/健康秤,335
文具收纳盒,334
痰盂,334
吊袜带,334
文稿纸/草稿纸,334
宠物推车,334
铅皮,334
兰蔻 水份缘凝霜,334
防护耳罩,333
起动器,333
过滤器,333
拳击服,333
药柜,333
多功能棋,332
防护面罩,332
半轴,331
滑板轮子,331
灭火毯,331
发热鞋垫,331
轮眉,331
癣症,330
兰蔻 清滢清洁大蓝水,330
儿童冲锋衣,329
插珠/蘑菇插钉,329
背带,329
自行车把立,329
划船机,329
挡圈/卡簧钳,328
婴童床垫,328
塞尺,328
蛋白粉,328
工作站,328
音频接口,328
篮球包/篮球袋,327
三极管,327
香熏灯炉/器具,327
手卷钢琴,327
吉他-古典吉他,327
草裙舞套装,327
仿真器/下载器,327
触摸屏手套,326
直流稳压电源,326
生态瓶/创意缸/桌面微景缸,326
唢呐,326
电子书保护套,326
浴室玻璃夹,326
新能源汽车充电设备/充电桩,326
档案袋,325
监听音箱,325
有线通信/接口模块/扩展板,325
摩托车钥匙,324
圆锥滚子轴承,324
瑜伽铺巾,324
睫毛卷翘器,324
分频器,323
钓鱼报警器,323
香蕉干/片,322
沐浴棉/浴擦,322
健身路径,322
香肠/热狗机,322
电暖手器/电暖足器,321
婚纱手套,321
撑杆,321
拖拉学步玩具,321
小儿感冒,321
拎环,320
工程解决方案,320
钓鱼手套,320
创口贴,320
隔离变压器,320
甲醛检测仪,320
兰蔻 立体塑颜晚霜,320
饮水器,319
蟹,319
玩具吉他,319
空调挡风板,319
强手棋/大富翁棋,318
隔尿垫巾,318
暗插销,318
蒸汽拖把,318
儿童牛仔裤,317
隐形眼镜伴侣,317
公路自行车,316
铜管,316
摇篮,315
智能翻译机,315
荧光板,315
冰垫,314
皮带及传动组件,314
刀,314
擦银布,314
鹰嘴断线钳,314
跳棋,314
玻璃钉,314
战术手套/军迷手套,314
麻将桌,313
香薰摆件,313
18650电池盒,313
茶夹,313
防水箱,312
搭扣,312
金箔,312
军迷帽/奔尼帽/平顶帽/解放帽,312
安神补脑,311
金刚锉,311
摩托车火花塞,311
方向盘助力器,311
遮阳帽/沙滩帽,311
几何形状套柱,311
脱卸合页,311
文化创意手环,311
创意坐垫,311
爽肤水,310
兔兔磨牙,310
相册,310
电动拖把/电动扫把,310
棕榈床垫,310
手用钢锯条,310
兰蔻 菁纯玫瑰美容液爽肤水,310
车锁,309
备胎罩,309
锥子,308
冲击钻头,308
便利尿袋,308
哑鼓垫,308
沙包,307
倒角机,307
羽绒连体衣,306
勺,306
冰刀鞋,306
整流器,305
美容修剪器,305
模块接口卡,305
服装货架,304
芋头,304
浴池/浴盆,304
四驱车零配件/工具,303
反光器具,303
锯片铣刀,303
扑克,303
单肩包,303
磨刀器,303
缠绕膜,303
穿串器,303
车用笔记本架,303
鳄鱼夹/弹簧夹/电夹,302
经纬仪,302
商用吸尘器,302
相机腕带,301
腰包/臂包/拎包,301
守门员手套,301
美发转灯,301
跆拳道场馆垫,301
电子辞典,301
酒店沙发,301
视频线,300
兰蔻 臻白洗面奶,300
兰蔻 水份缘啫喱,300
羊肉串,299
琴凳/键盘凳,299
头饰,299
墙体探测仪,299
烹饪工具套装,298
棒球棒,298
半成品肉类,298
雨伞,298
T区护理套装,297
海绵,297
刹车盘,297
乒乓球台,297
琴桌,297
气缸体,296
平板电脑包,296
国际五官用药,296
防静电地板,295
音乐话筒,295
鲳鱼,295
雅诗兰黛 浓缩高能小棕瓶20ml,295
名片册,294
润滑剂,294
山核桃,294
防撞器,294
温控器,294
药店展柜,294
炒菜机/烹饪锅,294
羊奶,293
照明模块,293
太阳能发电机,293
竹笋,292
酒签,291
袖标,291
便厕用具（器械）,291
跳栏/跳格梯,290
木线条,290
牛腱子,289
摩登舞上装,289
洗浴护肤礼盒,289
架子鼓,289
太极扇,288
推力球轴承,287
沙滩帐/钓鱼遮阳帐篷,287
滑板/活力板,287
纸尿片,286
戏水玩具,286
落地衣帽架,286
音频线/数据线,286
荧光棒,286
兰蔻 菁纯美容液,286
毛管/PE管,285
螺丝车刀,285
手风琴,284
汽车升降机,284
数码相框,284
油性木器漆,284
夜视镜,284
游泳浮标,283
人体秤/体重秤,283
图钉/工字钉,283
斑鱼,283
木工斧,283
电动车开关,283
壁纸铲刀,282
棉花糖机,282
鞋/靴干洗剂,282
刹车油,281
兰蔻 小黑瓶面膜,281
背景音乐控制器,280
花卉药剂,280
NAS网络储存,280
辅助道具类,279
摩托车拉线,279
文化创意化妆镜,279
热熔胶棒,278
排球服,278
手机镜头保护贴,278
战鼓,278
门铃开关,278
睡眠仪,278
玻璃砖,278
水果种子/种苗,278
助行器（器械）,278
榴莲干,277
椰子片,277
音响改装工具,277
振动电机/震动马达,277
滑雪裤,277
太阳能灯,276
网球,276
双胞胎推车,276
界面剂,276
巧克力酱,276
足球球门,276
精密空调,276
面条机,275
埙,274
学步带,274
美眼仪,274
开橙器/剥橙器,273
冲饮红糖,273
哈密瓜,273
提琴弓,273
彩带,272
书报架/展示架,272
防雾剂/帖,272
空气源热泵热水器,271
电热带,271
晾衣绳,271
漏缝地板/格栅地板,271
打火石/点火棒,271
水写布,271
乐器盒,270
运动水壶,270
电子灭蚊器,270
花园水泵,270
潜水箱包,270
面包展柜,270
文化创意邮册/出版物/徽章,270
电动车前叉/减震装置,269
蚕宝宝,269
潜水照明装备,269
蛋糕制作套装,269
轴承合页,269
松香等低值易耗品,269
报警按钮,269
智能腕表,268
创意门挡,267
眼,267
止吠器,267
负重装备,267
踏步机,267
转盘轴承/回转轴承,266
电动车车载充电器,266
红酒架,266
钢锯,266
乳鸽,266
手用丝锥,265
移动固态硬盘,265
配电设备,265
轮毂喷膜,265
鼻烟,265
嵌入式电蒸箱,265
男士防晒乳霜,264
浴沙,264
姬松茸,264
儿童运动套装,264
钓鱼船,264
尾灯总成,264
儿童床垫,263
路障,263
防尘口罩,263
尿布袋/床头挂袋,263
摩托车导航/手机/对讲机支架,263
砂轮机,262
酒吧凳,262
汇流排,262
黄瓜,262
胎毛章,262
畜牧药品,262
摩托车齿轮,261
传动轴,261
中心钻,261
墨斗,261
装饰性轮眉,260
6角长套筒,260
军大衣/棉大衣,260
创意钥匙包,260
玉雕,260
保健理疗,260
浮漂座,259
暗箱扣,259
断电报警器,259
布艺用品清洁剂,258
贝司-电贝司,258
活页替芯,258
商用打蛋搅拌机,258
兰蔻 小黑瓶安瓶精华,258
羽毛球拍线,257
呼吸器,257
刨冰机/碎冰机,257
婴儿皂/儿童皂/香皂,257
头皮护理,256
酸角,256
面包机,256
跳舞毯,256
定时器/时控开关,255
床围/床靠,255
汽车背带,255
曲轴及部件,255
沙发（原婴童）,254
钳工锉,254
子母合页,253
芭乐,253
晶闸管/可控硅,253
圣诞袜,253
奶瓶储存盒/奶瓶盒,253
兰蔻 水份缘晚霜,253
暗合页,252
首饰箱,252
勋章/臂章/肩章/纪念章,252
甜品制作套装,252
绷带纱布,252
兰蔻 根源美容液,252
根雕茶几,251
核桃油,251
砚台,251
鹅肉类,251
蟋蟀,250
帝王蟹,250
美容小工具,249
描图/硫酸纸,249
贝系列,249
烘焙机,249
手臂浮圈,249
快门线,249
眼镜清洁器,249
洗地机,249
DIY面膜工具,249
通用汽修组套,248
镜头盖,248
暖奶器/加热器,248
快板,247
鼻,247
电动车后备箱,247
伞绳,247
御泥坊 美白嫩肤润肤水,247
割炬,246
电动车脚垫,246
小号,246
控制变压器,246
爽身粉,246
吉他-电箱吉他,246
配线架,245
茶匙,245
音调板,245
汽车玻璃防雾剂/驱水剂,245
IC起拔器,245
围裙套装,244
鞋袜除臭剂,244
手机散热器,244
刹车卡钳罩,243
玉米油,243
奶油球,243
打窝船,242
电动车手机导航支架,242
数码线材,242
健身踏板/韵律踏板,242
头盔耳机,242
开关套,241
宠物车载垫,241
铝合金梯子/移动爬梯,241
驱蚊手带,241
衣物收纳柜/简易衣橱,241
标本类装饰画,241
风力发电机,241
化妆刷收纳盒/桶,241
碳化木,241
单/三相全自动稳压器,240
豆芽机,240
肥料,240
钳工锤,240
购物车,239
气缸及部件,239
分水器,239
杂物袋,239
耳塞保护套,239
直播专用支架,238
火柴,238
自行车车把,238
衣柜床,237
创意抱枕,236
四通,236
酒精测试仪,236
大盘卷纸,235
运动内裤,235
乒乓球服,235
电池收纳盒,234
耳机(麦),234
暖宫带/经期护理仪,234
门护栏,234
紧急冲淋装置及洗眼器,234
集成电路（IC）,234
文化创意杯垫/餐垫,233
梳妆台+梳妆凳,233
九节鞭,233
柚脯/柚干,233
公共椅,233
雨挡,233
御泥坊 皙白透亮防晒乳液,233
麻将垫,232
婴童凉席,232
吊环,232
剑道服,232
婚纱裙撑,231
湿厕纸,231
AI语音助手,231
锁具,231
牛腩,230
玻璃铰链,230
车用衣服架,230
蛏子,230
刹车油管,230
绳索,230
无叶风扇,229
木凿,229
纱布绷带（器械）,229
圆柱滚子轴承,228
扬琴,228
瑜伽包,228
护具,228
冷媒,228
板擦,228
佛手果,228
多彩喷涂枪,227
烧烤架,227
蟹棒,226
泰国香米,226
三件套,226
跷跷板,226
底盘装甲,226
食盐,226
风镜/眼镜,226
太阳能热水器,225
滑雪衣裤套装,225
蟹八件,225
居家日用套装,225
DIY仿真材料,225
地暖发热电热膜,225
剧院椅系列,225
报警模块,225
随身wifi,224
葵花籽油,224
弹力棒/健身棒,224
胸部防护用品,224
消防服,224
床单定制定做,224
刀鞘/刀套,223
玻璃餐具套装,223
警铃,223
烘干机,223
调色盘,221
厕所,221
潜水袜,220
柴油添加剂,220
围巾/围脖,220
茶海,220
按摩枪,220
汽车电路测电笔,220
雪茄柜,220
防丢器,219
链盘,219
液压开孔器,219
顶箱柜,219
镜头纸/镜头布,218
驼奶及驼奶粉,218
智能飞行,218
衣柜贴,218
3D眼镜,217
调制乳（风味奶）,217
婚庆公仔,217
喷笔,217
动感单车,216
巴乌,216
打火机,216
温度继电器,216
飞盘,215
眼镜护理剂,215
收纳盒,215
石工凿,215
求生哨,215
坚果制品,214
接线柱,214
烧烤车,214
砂轮整形刀,214
端子,214
洗护/清洁泡沫机/洗手机,214
擦屏布,213
门幅,213
气铲/气锹,213
汽车清洗手套,213
胎毛笔,213
踢脚板,213
油画棒,213
带表卡尺,213
防割手套,213
冲浪板,213
萝卜,212
自行车车架,212
电工电器成套设备,212
收纳筐,212
医用病床,212
灯架/灯夹,212
胶带切割器,212
兰蔻 菁纯精萃精华乳,212
细沙,211
半空心铆钉,211
擦手纸,211
货架/尾架,211
解放包/单肩包,211
足部按摩走毯,211
一次性抹布,211
御泥坊 清爽平衡洁面乳,211
兰蔻 清滢清洁洁面摩丝,211
USB电脑锁/防盗器,210
手巾/手帕,210
护墙板,210
圣诞帽,210
钢丝绳切断机,209
缸盖/缸体,209
多功能音箱,209
什锦锉,209
 手办收纳盒,209
工兵斧/营地斧,209
饼干巧克力,208
烤箱,208
摩托车牌照架,208
空气降温剂,208
端景台灯饰,208
兰蔻 菁纯隔离乳,208
颈部防护用品,208
茶台,208
墨鱼丸/花枝丸,208
植物饮料,208
表坐,208
阮,207
流水摆件,207
摩托车防盗器,207
差速器,207
堵门/游戏道具,206
气体探测仪,206
隧道/钻洞,206
座管/座杆,206
领带夹,206
被子/被芯定制,206
擦窗机器人,206
香草精,206
羊肉卷/片,206
兰蔻 水份缘精华液,206
烤鸭/酱鸭,205
除藻剂,205
大灯清洗,205
编码器,204
运动牛仔裤,204
自行车水壶,204
龙猫,204
生羊腿,204
反光镜,204
关东煮机,204
鱼胶粉,203
雪套/套脚,203
蛋圆饼干,203
取水阀,203
摩托车雨衣,203
家具转盘,202
三轮推车,202
CD包/夹/袋,202
底阀,202
碗架,202
单反手柄,202
香薰机,202
轻质砖,201
中班椅,201
儿童书桌椅/写字台（原婴童）,201
橡木酒具,201
卡洪鼓/箱鼓,200
宽带猫/光猫,200
松露巧克力,200
卡通造型橡皮,199
机用铰刀,199
变速器/保护器,199
铁环链,199
十字柄套筒扳手,199
石工锤,199
自行车链条/链条扣,199
训练背心(分组对抗),199
园艺手套,199
移动空调,199
司机护目镜,198
保温奶瓶,198
家用剪,198
补胎胶水,197
门牌,197
旅行牙刷,197
奶皮,197
耳塞,197
加应子/李子,197
标尺,197
兰蔻 水分缘乳液,197
擦地拖鞋,196
皮套,196
刨刀,196
暖手贴,196
接待台,195
监听耳机,195
旅行收纳套装,195
光纤耦合器,195
医用胶带,195
雅诗兰黛 红石榴水 鲜亮焕彩 保湿,195
兰蔻 臻白精华乳,195
收边条,194
船舶/舰艇,194
暖风机,194
胀紧套,194
剃须啫喱/剃须膏/剃须泡,194
祛螨剂,194
墨仓式多功能一体机,194
雅诗兰黛 线雕精华专研紧塑精华素小银瓶,194
玻璃抓,193
乒乓球发球机,193
安全预警仪,193
衣物除菌剂,193
户外床/折叠床,193
图书音像货架,193
电话线,193
一体化摄像机,193
裹裙/披纱,193
寿司帘,192
嵌入式电烤箱,192
电源插座/接线板,192
旋盖小宝,192
电池检测仪,192
旅行香皂,192
冷热敷器具（器械）,192
电线管,191
诱导剂,191
美容台,191
地暖专用管材,190
数据连接线,190
芋圆,190
开道锣,190
电脑罩,190
提琴弦,190
畜牧饲料,190
桌上足球台,189
汽车遮阳伞,189
调味汁,189
举重床/卧推器,189
双排轮,189
海苔,189
汤类调料/冬阴功汤料,189
国际皮肤科药品,189
滑板/漂移板砂纸,188
窗密封条,187
计分牌,187
剃须刀片,187
苹果卡槽,187
宝宝耳勺/发光耳勺,187
巧克粉,187
控制器,187
秧歌配饰,187
太极柔力球,187
布质/软胶积木,186
垫料,186
肩垫,186
充气筒,186
手工皂模具,186
新鲜板栗/板栗仁,185
彩色激光多功能一体机,185
后桥,185
军迷手表,185
死飞,185
上弦器,185
镲片,185
装扮布置套餐,185
蒸饭柜,185
老年体检,185
OLED,184
调味盒/调料瓶,184
手机链,184
热溶胶枪,184
兰蔻 臻白晶透精华水,184
羽毛球训练器,183
板胡,183
仓鼠,183
真空助力器,183
网球包,183
智能安防,183
XBOX手柄,183
冲击螺丝批,183
清洁液,182
水泵钳,182
粘合剂/胶水,182
毯子,182
Hifi套装,182
电吉他弦,182
缝纫机/针织机,182
家具纸,182
商用面条/轧面机,181
衣物收纳袋,181
高尔夫练习网,181
保险丝,181
汽锅,181
眼部保健,180
单反/单电电池,180
儿童自行车,180
和室门,179
倒立机,179
紧线钳,179
卤味素食,179
泥板,179
塑身腰腹带,179
毛条,179
打水桶,178
双人床+床头柜,178
提琴盒/包,178
浴房,178
拔步床/架子床,178
户外/庭院摆件,178
电子钳,178
古典舞鞋,177
隔热杯,177
腰部防护用品,177
蚊香加热器,177
油封,177
无框画挂钟,177
牙膏牙刷套装,176
长笛,176
足底按摩垫,176
衣箱,176
鸽蛋,176
御泥坊 玫瑰滋养矿物洁面乳,176
脚架包,175
排插固定器,175
防漏杯/密封杯,174
电涌保护器,174
活塞及部件,174
串口通讯服务器,174
电子血压计,174
假发支架,174
欧缇丽 大葡萄籽洗面奶,174
篮球充气设备,173
保暖鞋,173
内衣裤套装,173
搞怪杯子,173
冰爪,173
键盘架,173
男士面部精华,172
油箱,172
车载诊断系统/OBD,172
绕线板,172
帘杆,172
硅碳棒,172
有机玻璃板,172
MP3/MP4保护套,172
牙盘,171
御泥坊 晶亮红石榴洁面乳,171
止推环,170
原厂烟灰缸,170
饮水机罩,170
苍蝇拍,170
山羊/跳马/跳箱,169
平头铆钉,169
木塞/木榫,169
隔热手套,169
军舰/航母,169
芋头条,169
盖土网/防尘网,169
乒乓球拍套/包,168
浴袍,168
国际象棋,168
果肉条,168
车载蓝牙电话/蓝牙耳机,168
拨片,168
电子导游机/讲解器,168
地埋散射喷头,168
被套定制,167
大码下装,167
三聚氰胺板,167
糖缸,167
车用芯片,167
金水,167
胶合板,166
钓鱼鞋,166
连体书桌柜,166
大提琴,166
圆头锤,166
湘绣,166
高尔夫衣物包,165
扎丝,165
花艺套餐,165
裙子,164
螺丝刀,164
修正液,164
便当包,164
发酵饼干,164
调压变压器,163
半圆头铆钉,163
吹风机,163
车用头枕屏,163
视频矩阵服务器,163
旅行剃须刀,163
失手绳,163
牛尾,162
泳衣胸垫,162
电动瘦腿带/美腿仪/瘦腿垫,162
节电器/省电器,162
多夹子晾衣架,162
蔬菜架,162
餐盘收集车,161
跆拳道鞋,161
电子合成器,161
爵士舞鞋,161
棘轮螺丝批,161
新鲜豆类,161
杆盒/杆筒/杆袋,160
方向盘锁,160
划线车,160
育儿背巾,160
洗金水,160
门轨,160
邮筒,159
数字温控器,159
驱蚊器,159
葱类,159
交通指示牌,159
枇杷,158
小儿肠胃,158
速干衬衣,158
鱼露,158
电源变压器,158
12角套筒,158
家居智能设备,157
棒球帽,157
车顶帐篷,157
喷彩/喷雪,157
保暖披肩,157
轮滑包,157
扭腰盘,157
观赏虾蟹等饲料,157
喜蛋,157
手柄,157
巴克球/磁力球,156
地板胶垫,156
奶瓶盖,156
打印服务器,156
玻璃纸,156
铝箔隔热膜,156
地暖阀门,156
马头琴,156
气锤,156
砂岩雕刻,156
电池修复液,156
整形锉,155
相机眼罩,155
花窗,155
黑水泥,155
新娘头饰,155
车窗/玻璃安装更换工时,155
兰蔻 菁纯洁面凝乳,155
甜瓜,154
视频监控测试仪,154
行李箱/储物箱,154
充气沙发,154
电动车防尘罩,154
菠萝,154
冲锋衣裤套装,154
摄像头模块/视频采集模块,154
小儿维矿,153
格架,153
装饰碗,153
遮挡箱/钥匙盒,153
儿童速干T恤,152
桌面文件柜,152
脊背/羊蝎子,152
降温喷雾,152
划粉,152
领带架,152
黑乌龙,152
奶罐,152
兰蔻 臻白乳液,152
轮胎平衡块,151
插卡取电开关,151
丝锥扳手,151
商用咖啡机,151
龙骨,150
袜子,150
板木结合床,150
抓绒裤,149
无线电/对讲机/通讯设备,149
手锣,149
尿布带,149
兰蔻 臻白面霜,149
栅栏,148
调色盒,148
排球鞋,148
扫码支付盒子,147
京胡,147
手蹼,147
门夹,147
器械减震垫,147
打蜡海绵,147
胶粉,147
喷泉,147
比目鱼,146
补胎片,146
游乐场设施,146
踏板,146
运动眼镜,146
拉货灯/代驾灯类,146
吹风机置物架,146
龙舌兰/Tequila,145
激光测距望远镜,145
桌上暖垫,145
点痣仪,145
果糖机,145
商用冷柜,145
pH计,144
马达/起动电机,144
气吹,144
儿童勺,144
剃须刀架,144
餐柜,144
子孙桶,144
酒具,144
瓷器套装,144
兰蔻 立体塑颜紧致焕白精华凝乳,144
章鱼丸机/鱼丸炉,143
缓降器,143
菠萝/凤梨干,143
御泥坊 清爽平衡爽肤水,143
雅诗兰黛 多效智妍面霜,143
绝缘螺丝批,142
防寒设备,142
领针,142
热熔胶枪,142
画布,142
被子固定器,141
钢琴/玩具钢琴,141
门套线,141
自行车花鼓,141
扳手,141
羽毛球网架/网柱,141
儿童填色本,141
剑球/技巧球,141
胶装机,141
野餐包/户外餐具套装,140
大型健身器械配件区,140
大板桌,140
婴儿监护器,140
沙滩针织衫,140
VGA切换器,139
拉手,139
门底密封条,138
电动车/摩托货架,138
中国结,138
单头呆扳手,138
防毒口罩,138
海绵床垫,138
砌刀,137
呼吸调节器,137
角向扳手,137
瑜伽环,137
潜水帽,137
运动鼓包/旅行包,137
柿子,137
自行车撑伞架,137
洗鞋机,137
婚房布置套装,137
书桌收纳置物架,136
口袋巾,136
伸缩扣,136
中密度板,136
地暖发热电缆,136
车用纸巾,136
兰蔻 立体塑颜紧致焕亮精华水牛奶水,136
兰蔻 菁纯晚霜,136
PDU电源分配器,135
滚刀,135
雨罩,135
户外烧水壶/茶壶/咖啡壶,135
气门芯,135
便携显示器,135
家居智能用品,135
镐,135
键帽,135
BB煲/电粥锅,135
御泥坊 清爽平衡爽肤乳液,135
高拍仪,134
健身椅,134
杜邦线/彩排线,134
USB暖手鼠标垫,134
苹果干,134
防打鼾用品,134
兰蔻 立体塑颜紧致焕白精华乳,134
BNC头,133
醒目豆,133
汽车模型,133
智能电脑硬件,133
木琴/钟琴,133
草架,133
潜水电脑,133
台尼/台球布,133
男士润唇膏,132
遥控器防尘套,132
新鲜百合,132
热靴水平仪,132
退卸衬套,132
单簧管,132
调心滚子轴承,131
烘鞋器,131
三面刃铣刀,131
西柚,131
弯管,131
血氧仪,131
鼻夹,130
挂屏,130
抽纸袋,130
葫芦膜,130
电池转换器器,130
防护板,130
草坪网/草坪墙/工地围挡草坪,130
奶瓶干燥架,129
和室椅,129
田径运动服,129
无纺布,129
脚凳,129
手机直播补光灯,129
保护屏/防尘罩,128
篮球网,128
售报亭,128
铅画纸,128
通用电缆,127
家用新风机,127
智能家居套装,127
食物烘干机,127
冰箱防尘罩,127
护脐贴,126
冲茶器,126
骑行袜,126
浴室镜,126
百变造型香皂,126
呼吸机,126
胎心仪/胎语仪,126
USB多功能数码宝,125
游戏毯/音乐毯,125
智能园艺用品,125
竿止,125
前桥,124
跳舞台,124
瑜伽连体衣,124
分布式路由器,124
台球三指手套,124
台面,124
鞋袋,124
沙发+茶几+电视柜+角几,124
医用手套,124
希芸 清透肌精华露,124
柠檬杯,123
自行车车头碗,123
书画毛毡垫,123
壶套/杯套/保温套,123
荔枝,123
酸奶/咖啡机配件及辅料,123
多联机,123
耳套/耳暖,123
白巧克力,123
口,122
包包收纳袋,122
隔离器/耦合器,122
轮胎平衡仪,122
漂盒,122
泡钉,122
四轮定位仪,122
开关防尘贴,122
车底检查镜,122
私处护理（器械）,122
乒乓球网架/网,121
燕麦巧克力饼干,121
网球服,121
美缝贴,121
黄皮,121
木偶/关节木偶,121
智能安防报警器材,121
升降桌,120
车载冰箱,120
兔绳,120
儿童餐椅,120
茶几垫,120
北极贝,120
外悬窗,120
雅诗兰黛 红石榴洁面乳,120
木工锤,119
绝缘手套,119
凉霸,119
圣诞鹿,119
拖车拖挂,119
滚子,119
旅行发卡,119
气镐,119
低压开关柜,118
烘焙器具套装,118
求生锯/绳锯/线锯,118
自行车飞轮,118
保暖手套,118
花杆,118
LED透镜,118
USB按摩器,118
医用体温计,118
功率补偿器件,118
莲雾,117
青口贝,117
速干衣裤套装,117
基膜,117
旅行梳子,117
猕猴桃干,117
听诊器,117
肘部防护用品,117
条码扫描器,117
电热板/电热毯,116
旅行简装麻将,116
空气消毒机,116
手动按摩器,116
桌虎钳,116
旋具头组套,116
面罩,116
跑步裤,116
组合衣架,115
点钞机配件,115
水床垫,115
电工刀,115
调色板,115
普通餐椅,115
精油收纳盒,114
网球练习器,114
拳击头盔,114
西瓜,114
散热板,114
特种电缆,114
量秤,114
抢答器/答题器,114
国际彩色隐形眼镜,114
碟/电池/电源适配器,113
吉士粉,113
摄影台/静物台,113
写真机,113
护理美甲器,113
仿真摄像机,113
角色扮演类用品,112
飞轮/齿轮,112
塑料胀塞,112
玩具,112
美肤宝 精萃亮肤洁面膏,112
精油瓶,111
PDA/掌上电脑,111
床罩定制,111
创意颈枕,111
鲽鱼,111
空气压缩机,111
胎毛绣,111
欧缇丽 大葡萄 美白淡斑精华液,111
起钉器,110
智能后视镜导航,110
电动车/摩托车点烟器,110
家用瓷器,110
家用气泡水机,110
蜘蛛,110
海鲜丸类,110
雅诗兰黛 弹性紧实柔肤日霜15ml,110
锤头,109
杨梅,109
野外沐浴袋/太阳能沐浴袋,109
3D床垫,109
微波炉置物架,109
便携衣架,109
餐台,109
秋刀鱼,109
GPS模块/北斗模块/导航模块,109
漏粪板,109
PC游戏软件,109
雅诗兰黛 特润修护面部精华露小棕瓶,109
定制背景墙,108
磨刀棒,108
塑料薄膜,108
高压清洗机,108
白水泥,108
鞋塞,107
宝宝海报/胎教海报,107
理线带/理线器,107
拔河绳,107
马口铁盒,107
防护镜,107
相机专用遥控器,107
电子吹管,107
花壶瓶,107
碳纤维改装件,107
电抗器,107
机床灯具,107
雅诗兰黛 小棕瓶眼霜,107
线垂,106
清洁保养套装,106
玩具小提琴/手风琴,106
服装标签,106
复写纸,106
篮球板,106
小军鼓,106
接待椅（新增）,106
单马甲,106
安检门,106
蘸水笔,106
保险柜（新增）,106
划规,105
工业网络交换机,105
炒冰/冰粥机,105
牛油果,105
电视分配器,105
底盘维修工具,105
奶酥,105
GPS/电子导航设备,105
提菜器,104
战术护具/护膝/护腕,104
二件套,104
鹅卵石,104
兰蔻 美肤修护美容液,104
电脑麦克风/话筒,103
笛膜,103
气瓶,103
装卸车,103
迪奥 乐肤源水露精萃40ml,103
雅诗兰黛 柔丝焕彩大粉水,103
多控开关,102
滚铁环,102
毛笔字帖,102
潜水靴,102
复健椅,102
潜水仪表,102
电子美牙产品,102
肌肤之钥 化妆水,102
CEMOY 白金流明洗面奶,102
曲轴,101
秧歌服,101
棒球手套,101
滑棒/指套,101
声卡转换器,101
瘪胎助推器,101
婴童衣架,101
智能监控摄像机,101
机油泵,101
CEMOY 白金流明系列修复面霜,101
兰蔻 小黑瓶日霜,101
雅诗兰黛 细致焕采洁面乳,101
黄糖包,100
文具整理盒,100
香托/香盘/香座/香插,100
垃圾袋收纳盒/袋,100
宠物智能喂养设备,100
尼龙绳,100
婴童睡袋/防踢被,100
竖琴,100
电视插座,100
欧缇丽 葡萄多酚润唇膏,100
欧缇丽  护手乳霜,100
雅诗兰黛 面部精华高能小棕瓶,100
兰蔻 臻白晚霜,100
等候椅系列,99
香榧,99
滤冰器,99
侧面孔勾扳手,99
燃气表,99
踏套/脚垫,99
板羽球拍,99
多春鱼（新）,99
中山装,99
墨块/墨丸,99
儿童速干裤,99
迪奥 花秘瑰萃眼部精华,99
炒冰机,98
手工食品制作,98
集装箱/集装箱房,98
古典吉他弦,98
键槽铣刀,98
纸麻将,98
活珠子/毛胚蛋,98
集成吊顶套餐,98
专业比赛牵引带,97
拖车钩,97
话筒夹/话筒架,97
汽车杀菌/消毒剂,97
牛皮纸胶带,97
鲜花拱门,97
吸痰器,97
欧缇丽 葡萄籽冰淇淋面霜,97
网球线,96
弦柱,96
米糠油,96
画架,96
弦枕,96
肌肤之钥 光采赋活日间防护乳,96
美肤宝 精萃舒润洁面膏,96
光盘盒/CD包,95
香皂花,95
样板,95
通用后备箱垫,95
版画,95
螺丝,95
内衣皂,95
纳米胶带,95
御泥坊 玫瑰滋养润肤水,95
迪奥 乐肤源平衡沁润保湿水175ml,95
电脑+电话插座,94
柔道服,94
儿童POLO衫,94
电压转换器,94
绣架,94
健美操鞋,94
背带钮,94
米粮桶,94
手喷漆,93
充气水球/戏水球,93
吸油纸/膜,93
窗纱,93
补习袋,93
楼梯踏步板,93
根雕花架,93
浴巾毛巾方巾套装/三件套,93
脚垫,93
壁挂炉,93
拆信刀,93
铅球,93
功能内衣上装,93
试鞋凳,93
摩托车挡风被,93
电动车铃/喇叭,92
户外鼓风机,92
调光开关,92
气动冷压接钳,92
电笔,92
孔明灯,92
烤火罩,92
迪奥 肌活蕴能精华,92
CEMOY 白金流明精华乳液,92
机动车驾驶镜,91
荔枝干,91
桌子,91
军棋/陆战棋,91
正姿笔,91
车载应急包,91
扫把头,91
安全座椅凉席,91
棋桌,91
迪奥 乐肤源轻柔卸妆水,91
御泥坊 水润茶萃微囊滋养霜,91
电脑+电视插座,90
调心球轴承,90
胡桃钳,90
消毒水生成机,90
KVM切换器,90
安全梳子/刷子,90
奶瓶夹,90
叉,90
快挂(专业攀岩用),90
海鲜/水产品/制品提货券,90
山竹,89
吸管刷,89
节油器,89
儿童筷子,89
冷凝器,89
床褥,89
一次性浴缸袋,89
盲区监测BSD/并线辅助系统,89
圣诞服饰,89
海螺,89
地胶,89
台球架杆器,89
跑步T恤,89
边角料,89
洗烘套装,89
防雨罩,89
雅诗兰黛 小黄瓜抗氧化晚霜,89
登车桥,88
成套办公家具,88
擦地/拖地机器人,88
白发脱发,88
国际风湿骨伤药品,88
迪奥 淡彩变色润唇膏,88
原木板/实木板,87
USB迷你冰箱,87
圆柱铣刀,87
飞镖,87
止血钳,87
床中床,87
酥油灯,87
复古冰箱,87
磁带,87
专用呼吸管,86
棉马甲,86
腰鼓,86
铝箔自封袋,85
削笔器/削笔刀,85
安全锤,85
油画笔,85
一次成像相机专用包,85
插屏,85
龙头置物架,85
风管机,85
卷烟器,85
避孕,84
骑士马靴,84
生鲜灯,84
排气歧管,84
训练防护衣裤,84
平板电脑底座,84
6863口腔科材料,84
翻页激光笔,83
橱柜收纳筐,83
套几,83
双人/三人自行车,83
抱被,83
消防斧,83
3D立体眼镜,83
防滑粉,82
无尘手套,82
滑板包,82
清洁镊子,82
医用橡皮膏创可贴,82
组合轴承,82
脚手架,82
假发发网,82
国际解热镇痛用药,82
兰蔻 根源啫喱,82
截链器,81
冰吧,81
娃娃跳/弹跳器,81
宝宝饰品套装,81
排笔,81
绣线,81
气缸头,81
TSA密码锁,81
一次性拖鞋,81
三弦,81
梆子,80
爵士舞服装,80
凤梨,80
一次性汽车脚垫,80
重型刀,80
精密仪器刷,80
普通真无线耳机,80
手账/错题打印机,80
豚鼠,80
儿童运动裤,80
速干背心,80
下降器,80
导航贴膜,80
口红收纳包/盒/袋,80
梵洁诗 绿茶原液精华莹肌冰露,80
挂袋,79
奶干,79
裸钻,79
赶猪器,79
调色纸,79
楼梯玻璃连接,79
塔塔粉,79
switch保护壳套,79
水槽置物架,79
蜗轮,79
泡泡笔,79
相框,79
净水桶/净水杯,79
剃须清洁刷,79
希芸 清透肌洁面乳,79
地布/地席,78
棒球,78
龙眼,78
定制电视柜,78
鲤鱼钳,78
白果/银杏果,78
笙,78
黄金蟹,78
玻璃钻头,78
场效应管,78
红花籽油,78
文化创意钱包/购物收纳袋,78
衣钩,78
欧缇丽 大葡萄皇后水活性精华爽肤水,78
修甲剪刀,77
男士唇膏,77
钳,77
马术头盔,77
儿童摇铃,77
打线刀,77
太极佛尘,77
儿童房空间定制,77
雅诗兰黛 青瓜面霜,77
六角球/反应球,76
喜碗/敬茶杯,76
照片夹子,76
体操服,76
MIDI键盘控制器,76
笔搁,76
隔音地板,76
牌九,76
定制酒柜,76
CEMOY 白金流明水,76
伴热设备,75
电视背景墙,75
急救毯/保温毯,75
办公桌垫,75
创意根雕,75
裁缝刀剪,74
烟斗包,74
帘珠,74
多功能组合电器,74
樟木块,74
渔具套装,74
枪机,74
应急去污宝,74
嵌入式微蒸烤套装,74
一次成像相册,74
定制包装袋/纸/箱,74
肝胆用药,73
车载剃须刀,73
后视提篮镜,73
智能水杯,73
马车配件,73
桌上冰球,73
上升器,73
番荔枝/释迦,72
琴码,72
乒乓球训练器,72
绝缘靴,72
户外休闲衣裤套装,72
家用收纳手推车,72
羽毛球网/网柱/网架,72
挡风板,72
迪奥 花蜜活颜斯悦按摩眼霜,72
路由器收纳盒/架,71
洛丽塔鞋类,71
太极棍,71
量块,71
存储器/存储模块,71
柜脚/腿,71
广告毛巾/礼品毛巾,71
笔记本保护壳,70
汽车清洁软胶,70
马裤/大恰,70
男士眉笔,70
兰蔻 口红,70
拍板,69
膝部防护用品,69
轮滑桩,69
旋塞阀,69
儿童马桶盖,69
家具贴,69
卡钳,69
男科用药,69
养殖场蚊香棒,69
梵洁诗 蓝钻氨基酸洁面乳,69
御泥坊 玫瑰滋养润肤乳液,69
钉冲,68
平板电脑充电器,68
爆米花机,68
面盆架,68
半成品水产,68
喷灯,68
奶嘴储存盒/奶嘴盒,68
标牌铆钉,68
汽车防虫网,68
壁挂洗衣机,68
海鲜酱,68
御泥坊 水润茶萃精华液,68
空灵鼓,67
裁缝剪,67
儿童滑雪服,67
GPS充电器,67
内衣收纳袋,67
RCA头,66
跆拳道表演板,66
快速管子扳手,66
组装液晶显示器,66
家用场景面板,66
儿童成套家具,66
书桌椅+书柜,66
智能配饰,66
电动车控制器,66
洗衣机底座,66
相片角贴,66
家居系统套装,66
折叠床,66
刮刮乐拖把,66
衣物消毒机,66
拳击擂台,66
荸荠/马蹄,66
锁紧螺母,66
桌上足球,66
兰蔻 菁纯夜间修护精华油,66
塑木,65
卷/美发棒,65
月琴,65
F头,65
电动车充电插座,65
速滑刀架,65
整装定制,65
划针,65
书桌+写字椅,65
电话插座,65
地贴,65
牵马/调教龙头,65
芦笋,65
修补包/修补贴,64
酒店行李柜,64
铝板网,64
干发毛巾,64
马鞍,64
点塑手套,64
挤柠檬器,64
女用剃毛刀,64
功能内裤,64
均衡(舞台),64
鼻喷剂/鼻炎凝胶（器械）,64
数字电视机顶盒,63
脱扣器,63
章鱼干,63
尺八,63
藏族舞鞋,63
果汁/饮品,63
人参果,63
移动/便携DVD,63
情趣护理用品,63
快显胶片,63
AB胶,63
硅钙板,63
雅诗兰黛 净莹柔肤洁面乳,63
颐莲 嘭润霜,63
欧缇丽 葡萄籽急救保湿精华,63
车条/幅条,62
斗兽棋,62
电烤枪,62
铅印钳,62
婚房装扮用品,62
纸自封袋,62
止推杆,62
大中幅相机,62
身高尺,62
混合巧克力,62
火锅炉,62
绝缘布,62
床头柜盖布,62
鼓皮,62
迪奥 梦幻美肌柔润精萃乳  素颜霜修颜乳,62
乒乓球挡板,61
湿巾加热器,61
垂钓望远镜,61
帐杆/支撑杆/单杆修补管,61
DIY玉米粒,61
高尔夫伞,61
兔子灯,61
机箱电源风扇套装,61
照明变压器,61
汽车除锈剂/防锈剂,60
安全别针,60
跨栏架,60
鸡蛋包装,60
USB保温碟/保温垫,60
电热炉,60
螺帽破开器,60
家用单机温感探测器,60
南瓜干,60
助跳板,60
拉弦板,60
光盘拷贝机,60
卧室空间定制,60
灯眉,60
柳琴,60
脚架接环,60
大宝 眼袋霜,60
温碧泉 磨砂洗面奶,60
兰蔻 清滢清洁面膜,60
皮脂汗腺,59
闻香杯,59
定制书柜,59
中心冲,59
牙盘曲柄中轴套装,59
冰球杆,59
照片/画片,59
单反/单电充电器,59
BMX小轮车,59
仓储笼,59
手用铰刀,59
花托,59
摩托车行车记录仪,59
雅诗兰黛 多效智妍晚霜,59
量脚器,58
服饰,58
烧烤夹,58
号嘴,58
扭曲勺,58
书写板,58
阳台置物架,58
测湿仪,58
溜冰鞋/旱冰鞋,58
车载电饭煲,58
电动车/摩托车充气泵,58
无线运动耳机,58
透光石,58
连接杆,58
运动毛衣/线衫,57
充气设备,57
散装犬主粮,57
版纸,57
外用延时剂,57
拆线器/拆线刀,57
洗眼液,57
话筒放大器,57
椅扶手,57
榻榻米辅料,57
托纸板/进纸托盘,57
消防头盔,57
御泥坊 海洋精华眼霜,57
兰蔻 菁纯玫瑰面膜,57
酒壶,56
135胶片单反,56
台球修杆器,56
儿童牛仔外套,56
裁判服,56
主令电器,56
分频器(舞台),56
排球柱,56
固定器,56
拍纸本,56
车载驱鼠器,56
万年红对联纸,56
医用护目镜,56
验孕棒/验孕仪器,56
天馈系统,56
艾灸仪／艾灸盒／艾灸装置,56
梵洁诗 玫瑰原液精华洁面膏,56
肌肤之钥 夜间修复乳液,56
分页纸/索引纸,55
电机,55
相机挂绳,55
原汁机,55
电话亭,55
会议麦克风,55
冰刀刀套,55
大型晒衣架,55
高尔夫球服,55
T型棍/T型拐,55
电子焊接工具套装,55
腕部防护用品,55
冰箱除味器,55
全景相机,55
高胡,55
活塞环,55
镊子/手术剪（器械）,55
湿手器,54
体育网/围网,54
交椅,54
圣女果干,54
笔洗,54
刷子,54
K歌/直播声卡套装,54
半球型摄像机,54
锯锉,54
滑雪鞋,54
花蓝螺丝,54
冰洗套装,54
指挥棒,54
儿童装饰手表,54
体操道具,54
雅诗兰黛 白金级花菁萃紧颜精粹水,54
游泳拖鞋,53
音叉,53
伞坐,53
数码设备外接键盘,53
击剑鞋,53
气动棘轮扳手,53
健身锤/按摩捶,53
模拟人,53
巧固架/堆垛架,53
衣物柔顺/柔软剂,53
水槽过滤网,53
牙刷消毒器,53
居家婚庆拖鞋,53
TAPE磁带随身听,53
雅诗兰黛 红石榴晚霜,53
迪奥 花蜜活颜丝悦玫瑰润养凝珠精华,53
欧提丽 冰激凌保湿面霜,53
石膏板配件,52
蝎类,52
电动车雨披,52
防水万次火柴,52
菱角,52
管子,52
页轮/页片,52
垃圾筒,52
藏族舞服,52
贝司音箱,52
显示器/打印机色彩校正仪,52
宝宝料理机/食物搅拌器,52
制冰机,52
木龙骨,52
扁嘴钳,52
赛车T恤,52
装饰网/彩色防护网,52
医疗器械配件,52
滑雪镜,52
防静电服,52
证件收纳盒,51
秤,51
按摩椅,51
丝杆,51
球杆加长器,51
沙发+茶几+电视柜,51
定制鞋柜,51
普拉提床,51
塑料周转箱,51
热像仪,51
switch手柄,51
康复训练器材（器械）,51
收钱码/收款码/收款牌,51
化妆箱/盒,51
齿科器械,51
计时/显示设备,51
压条,50
绣绷,50
铲子/锄头,50
电度表,50
装饰盆,50
阴蒂刺激,50
千张,50
笔帘,50
调音台,50
宠物指甲套,50
扁带,50
定制浴室柜,50
内四方扳手,50
智能出行,50
弯排机,50
雪花秀 滋阴平衡水,50
美肤宝 精粹舒润动力乳,50
针扎针插,49
测光表,49
烫衣板,49
车用砂纸,49
FM/MP3发射器,49
钢管舞钢管,49
创意贴纸,49
无极健身球,49
口罩护耳/防勒带,49
智能闹钟,49
智能手表贴膜,49
削皮机,49
梵洁诗 玫瑰原液精华保湿莹露,49
草地铺设及设备,49
情趣跳蛋,49
水彩纸/本/水彩水粉颜料本,49
水力发电机,49
无障碍设施,49
雅诗兰黛 全新专研 防晒30ml,49
兰蔻 小黑瓶晚霜,49
绣针,48
肩部防护用品,48
风筝线,48
婴儿床,48
花型套筒,48
水素杯,48
拳击鞋,48
独木舟,48
真无线降噪耳机,48
滚花刀,48
皇冠配饰,48
AGV小车,48
泥雪沙地脱困板,48
修正贴,48
带放大镜指甲钳,48
儿童房/婴儿房（原婴童）,48
杨桃,48
摩托车遮阳伞,48
一次性餐桌用品套装,48
欧缇丽 葡萄籽温和卸妆乳,48
雅诗兰黛 红石榴面霜,48
迪奥 乐肤源 清润凝霜 雪酪面霜,48
大宝 美容日霜,48
防疲劳/防瞌睡提醒器,47
形状配对扭扭蛋,47
杂志报刊架,47
车架,47
摔跤布袋,47
商务礼品包装,47
低体重儿/早产儿奶粉,47
泡脚袋,47
梵洁诗 玫瑰原液精华肌底液,47
兰蔻 根源面膜,47
雅诗兰黛 肌初赋活微精华原生液15ml,47
雅诗兰黛 肌初赋活微精华原生液,47
耳麦,46
假发发箍,46
话放,46
固齿器,46
木折尺,46
便携音响/音箱,46
生日报,46
全屋净水系统,46
客厅空间定制,46
粉扑,46
越野射灯,46
场地吸水器,46
足浴盆,46
下水道密封圈,46
CD盒,46
嵌入式空调/天花机,46
电动轻便摩托车,46
金属罐包装,46
希芸 清透肌爽肤乳液,46
玻璃拉杆,45
CD架,45
套件定制,45
高尔夫杆包,45
焊工墨镜,45
理发剪,45
巧克力喷泉机,45
棉布袋,45
学习手写板,45
橄榄球,45
焗油围布,45
驱蚊草,45
防晒网/遮光网/遮阳网,45
商用电饭煲,45
宠物汽车安全带,45
推力滚子轴承,45
四胡,45
珀莱雅 靓白芯肌晶采洁面乳,45
梵洁诗 绿茶原液精华莹肌润肤乳,45
迪奥 雪精灵雪晶灵焕亮微珠美容液,45
新世纪福音战士机体专区,44
生物识别采集器,44
小银杏,44
象拔蚌,44
窗帘面料,44
会议电话产品,44
地插底盒,44
增力扳手,44
健步鞋,44
焗油耳罩,44
宠物车载笼,44
单台嵌入式冰箱,44
发牌机,44
迪奥 花秘瑰萃 修护精华露,44
梵洁诗 蓝钻爽肤水,44
量油尺,43
视频转换器,43
滑水板,43
条状拖把头,43
宠物狐狸,43
接力棒,43
餐桌椅+餐边柜+酒柜+餐车,43
许愿瓶/幸运星瓶,43
钢丝绳吊索,43
呼吸配件（器械）,43
冰枕,43
多功能手电,43
花心,43
机油/机滤更换工时,42
宝宝量温,42
活力板,42
MCU/会议服务器,42
剑,42
采伐斧,42
排卵卡笔/排卵检测仪,42
足球战术板,42
防护口罩,42
电话套,42
风铃及配件,42
竞技独轮车,42
G点后庭,42
瑜伽手套,42
希芸 清透肌女爽肤水,42
雅诗兰黛 红石榴水 鲜活营养精华水 爽肤水,42
防走光扣,41
司机防晒手套,41
微波炉面板,41
水溶笔,41
纸罐,41
美妆蛋收纳盒/架,41
增距镜,41
眩晕晕车用药,40
假发梳子,40
圆嘴钳,40
防尘胶条,40
浴帽/洗发帽,40
相机/摄像机专用充电套装,40
揉面垫,40
防砸皮鞋,40
液晶屏保护膜,40
水槽沥水袋,40
秋葵,40
阳光房定制,40
散装猫主粮,40
宠物医疗,40
鼓凳,40
节电器,40
孕产康复仪,40
揉面袋,40
急救用品（器械）,40
管道清洁棒,40
医用防护服,40
PSV彩贴/贴纸,39
分流器,39
儿童抓绒衣,39
曲柄,39
腿套,39
MP3/MP4耳机,39
瘦手臂套,39
螺丝形状配对玩具,39
台球三角架,39
混响,39
异形锉,39
化妆品冰箱,39
橱柜脚,39
梵洁诗 鱼子酱魔力霜,39
珀莱雅 靓白芯肌晶采面霜,39
御泥坊 黑玫瑰洁面乳,39
篮球战术板,38
卷包/折叠床垫,38
儿童踏脚凳（原婴童）,38
奶瓶温度计,38
扭剪扳手,38
分电器,38
车载折叠马桶,38
镜头笔,38
锁紧垫圈,38
园艺检测仪,38
果岭叉,38
四轮定位,38
防蜂衣/防蜂帽/马蜂服,38
门球杆,38
同仁堂 舒缓轻柔修护液 保湿液,38
兰蔻 根源日霜,38
迪奥 花蜜活颜丝悦盈润乳霜,38
电子书灯,37
普通有线耳机,37
乐器连接线,37
RAID卡,37
软件压缩卡,37
滤清磁铁,37
商用筷子消毒机,37
乐器周边,37
缝隙柜,37
内饰贴膜,37
保养工具,37
自行车停放设施,37
拳击袋/拳击手套,37
虎音锣,37
电动车内胎,37
夹背锯,37
移动洗澡机,37
花材,37
瑜伽鞋,37
梵洁诗 炫舞青春面部精华液,37
梵洁诗 摇醒青春幼龄反重力精华露,37
珀莱雅 面部精华液,37
水密码 水光安平精华液,37
通讯录/电话本,36
裁判巡边旗,36
鼓架/镲架,36
果蔬置物架/篮/框,36
驱蚊扣,36
秧歌鞋,36
音箱支架,36
荠菜,36
消防靴,36
电力猫,36
护理屏风,36
法兰分离器,36
雅丽洁 芦荟清透洁面啫喱,36
兰蔻 美肤修护日霜,36
迪奥 花秘瑰萃 修护霜,36
摇表器,35
家用保险箱,35
跳跳环/闪光跳,35
手揉纸,35
棒球鞋,35
双面镜,35
婴童/儿童四件套,35
零食收纳筐,35
微调,35
6864卫生材料及敷料,35
珍宝蟹,35
微波炉防尘罩,35
空中瑜伽吊床,35
大头针,35
主机包,35
海鲜水产礼盒套装,35
折纸机,35
刀锉,35
御泥坊 水润茶萃微囊洁面乳,35
迪奥 乐肤源深润乳霜,35
功能内衣下装,34
触笔,34
新疆舞服,34
悦诗风吟 森林男士控油清爽洗面奶,34
转椅扶手,34
定扭矩扳手,34
阀门箱,34
水槽厨电一体机,34
紧定套,34
雅丽洁 芦荟胶,34
不锈钢垃圾桶,33
弯嘴钳,33
遮阳伞雨披,33
定制洗衣机柜,33
甜品台装饰,33
家具底座,33
旅行洗漱套装,33
磁盘阵列,33
起跑器,33
起重链条,33
管活两用扳手,33
直磨机,33
美容/美甲沙发,33
冲牙器／洗牙器／洁牙机,33
车罩,33
倒车灯,33
布基胶带,33
雪莲果,33
电动清洁刷,33
踢踏舞鞋,33
肌肤之钥 日用乳液,33
御泥坊 玫瑰滋养矿物润肤水,33
下水道垃圾夹,32
数码望远镜,32
电动车音响/音箱,32
有线游戏耳机,32
保护箱,32
扳杆,32
户外摄影包,32
手动鼓风机,32
车壳,32
越野平衡仪,32
焗油帽子,32
专业音频放大器(舞台),32
束腿带,32
商用柜机空调,32
组合嵌入式冰箱,32
车用指南针/指南球,32
迪奥 花秘瑰萃洁颜泡沫,32
单杆轻便推车,31
板羽球(三毛球),31
电子计步器,31
消防栓/灭火栓,31
防化服,31
排球球网,31
体操鞋,31
儿童口琴,31
美容服,31
洗牌机,31
对焦屏,31
鱼塘撒药机/洒药机,31
水中拉力带,31
鳕蟹,31
保丽龙颗粒,31
跑步外套,31
证卡打印机,31
肉桂粉,31
地板弹簧,31
单车护链贴,31
梯子,31
心电监测仪,31
opp胶带,31
信息张贴栏,31
大宝 眼角皱纹蜜,31
兰蔻 水份缘眼霜,31
美肤宝 精粹舒润保湿水,31
欧缇丽 尊贵璀璨时光修护眼霜,31
御泥坊 黑玫瑰矿物柔肤乳,31
雅诗兰黛 卸妆洗面奶30ml,31
雅诗兰黛 肌透修护洁面乳,31
门厅柜+鞋柜,30
键盘刷,30
手电头带,30
更多橄榄球配件,30
氮气充气机,30
血糖仪,30
贝司弦,30
欧松板,30
电阻,30
儿童冲锋裤,30
安全警戒线,30
滑雪手套,30
止鼾器（器械）,30
苹果取卡针,30
轮胎螺丝帽,30
电动花剑整剑,30
颐莲 玻尿酸嘭润水,30
御泥坊 小蓝瓶深补水弹润水,30
迪奥 花蜜活颜丝悦玫瑰精粹露,30
3G无线上网卡设备,29
空手道服,29
推车雨罩,29
包/箱配件,29
阳光罐/月光罐,29
电子鞭炮,29
车载自行车架,29
车载碟盒,29
军刀卡/万能刀卡,29
cmos清洁,29
长号,29
花剑面罩,29
频率元件,29
硬盘抽取盒,29
迪奥 肌活蕴能精萃液 精华水,29
雅诗兰黛 细致焕采护肤水爽肤水大蓝水,29
顶切钳,28
音乐枕,28
芦笙,28
KVM,28
京二胡,28
餐桌椅+餐车,28
乒乓球盒,28
眼镜收纳盒,28
Kinect体感器,28
大宝 眼霜,28
移门路轨,28
鞍袋,28
玻璃托/夹,28
电动车面罩/帽,28
一次性鞋套,28
魔方/3D魔方,27
手虎钳,27
滑杆,27
大号,27
集装桶/吨桶/千升桶,27
同仁堂 舒缓轻柔洁面乳,27
整车检测仪,27
游泳镜,27
翻译笔,27
轮胎清理钩/耙,27
量筒/量杯,27
货品支架,27
镜梳套装,27
全屋窗帘套餐,27
投影机包,27
高温胶带,27
挂快劳/快劳夹,27
美肤宝 水感透白美肌水,27
广角镜,26
婴童床单,26
固定椅,26
烘焙刮板,26
服务机器人,26
钣金锤,26
沐浴桶,26
玛拉胶带,26
皮头胶水,26
口腔检查／护理／治疗器械,26
桌面空气净化器,26
执照框,26
户外营地车,26
咖啡礼盒,26
防尘服,26
6806口腔科,26
定制柜门板,26
花剑剑服,26
阅览桌,26
香薰灯,26
颐莲 玻尿酸嘭润乳液,26
美肤宝 精萃透白亮肤乳液,26
珀莱雅 水漾肌密柔肤水,26
雅诗兰黛 沁水倍润天使眼霜,26
肌肤之钥 夜用乳液,26
双人床+床头柜+衣柜,25
无盘工作站,25
单反机身盖,25
抓绒衣裤套装,25
身份牌/金属牌,25
气动捣固机,25
指板,25
马镫,25
后挂摩托车拖架,25
定制入户柜,25
焗油梳子,25
耳,24
梵洁诗 绿钻爽肤水,24
细腰鼓,24
边灯,24
甜菜头,24
傻瓜相机,24
研钵,24
皮纹纸,24
倒立凳,24
弦钮,24
饼干,24
20米清洗套装,24
打击垫,24
沙滩桌,24
定制餐边柜,24
跑步套装,24
婚庆花篮,24
倒车镜/后视镜安装工时,24
情趣睡衣,24
按摩器材（器械）,24
网络加速及优化,24
实体娃娃,24
线缆收纳器/集线器,24
珀莱雅 水漾肌密恒润乳液,24
优资莱 绿茶洗面奶,24
御泥坊 亮采嫩肤洁面乳,24
水密码 水光亮白精华乳液,24
雅诗兰黛 沁水倍润保湿乳,24
迪奥 肌活蕴能洁面乳凝露洗面奶,24
绣布,23
自助点餐机,23
凉席定制定做,23
商用净水设备,23
红黄牌,23
夏夷贝,23
壶铃,23
箱琴音箱,23
车载电脑/准系统,23
CD随身听,23
毛刷,23
瘦小腿套,23
网关,23
藤球,23
儿童运动衣,23
儿童钢琴,23
烧烤用具套装,23
草裙,23
御泥坊 清爽平衡矿物爽肤水,23
雅丽洁 芦荟菁萃柔肤水,23
情趣套装,22
体温计,22
帽子假发,22
雾灯,22
玫瑰花瓣,22
相机包,22
橄榄球服,22
邦戈鼓,22
包包收纳盒/箱,22
女式情趣内裤,22
滑水手套,22
鲍鱼果,22
鲜果篮(预定与速递),22
儿童牵引绳,22
卡祖笛,22
套环,22
换人牌,22
烹饪机器人,22
发贴,22
中医保健,22
指环,22
眼枕,22
香薰DIY材料/工具,22
蓝口贝,22
细木工板,22
反光穿戴用品,22
门板封边,22
雅诗兰黛 肌初赋活原生液,22
李医生 祛斑洗面奶,22
欧缇丽 葡萄籽洁颜清浊面膜,22
乳牙收纳盒,21
主机箱托架,21
口香糖柜,21
亚克力,21
马绑腿/马护腿/马护蹄,21
圆床垫,21
大富翁,21
马桶消毒器,21
跳高架,21
口衔铁/马嚼/马衔,21
床插,21
地暖专用循环水泵,21
10米清洗套装,21
洗胶绵,21
家用空调套装,21
电源（舞台）,21
冷冻调理刀,21
烧烤叉,21
悠悠/溜溜球,21
叶子板/内衬安装改装工时,21
数码维修工具,21
短笛,21
蔬菜种子/种苗,21
御泥坊 玫瑰滋养矿物润肤乳,21
欧缇丽 葡萄籽净肤调理祛痘精华,21
AHC 黄金蜗牛原液精华液,21
雅丽洁 芦荟菁萃补水保湿乳,21
马术手套,20
网络切换器,20
电子秤量勺/勺子秤,20
纸桶,20
赛车文化,20
展板,20
网球帽,20
婴儿电吹风,20
防火墙,20
汽车驱鼠剂,20
牙齿美白仪,20
广告帐蓬,20
蔬菜沙拉,20
传真机,20
同仁堂 舒缓轻柔修护乳液,20
迪奥 修护乳霜,20
德妃 紫苏乳液,20
相宜本草 红石榴乳液,20
德妃 紫苏舒缓爽肤水,20
洗澡书,19
门球,19
燃气发电机,19
抽屉滑轨,19
骑行防水鞋套,19
门帘布料,19
合约机,19
自封袋/自粘袋,19
交换器,19
心脑血管,19
平锥头铆钉,19
网球框,19
旅行镜子,19
修车架,19
高压水枪,19
马缰绳,19
电动喷绘笔,19
隔断+ 鞋柜,19
面部清洁护理产品（器械）,19
组合互感器,19
S钩,19
堆高车,19
镁粉袋,19
水密码 海洋源萃水,19
羽拍袋,18
橄榄球头盔,18
震动棒,18
水温计/温度计,18
AV切换器,18
相宜本草 洗面奶,18
纱布袋,18
电动车,18
情趣丝袜,18
候车亭,18
农用吸粮机,18
线剪钳,18
智能记事本/手写本/办公本,18
手机同屏器,18
沙发罩,18
欧缇丽 葡萄籽净痘平衡乳液,18
柜体,18
瑜伽披肩,18
电动送风面罩,18
冰菊 八杯水保湿嫩肤洁面乳,18
欧缇丽 葡萄籽冰激凌乳液,18
御泥坊 晶亮红石榴养肤水,18
雪花秀 滋盈生人参焕颜乳,18
美肤宝 精萃舒润保湿乳,18
打火机用油,17
箱式变电站,17
定制玄关柜,17
养殖标记笔,17
切药器,17
包装纸（待合并）,17
雪杖,17
插线板收纳盒,17
计时器,17
筋膜柱,17
肚带/肚带扣,17
洗衣吸毛器,17
PSV充电器,17
飞镖套装,17
编曲键盘,17
温室阳光板,17
4S服务套餐/定金/团购,17
优资莱 绿茶活萃芯肌保湿水,17
珀莱雅 靓白芯肌晶采乳液,17
相宜本草 净肤保湿水,17
欧缇丽 葡萄籽焕颜晚霜,17
美肤宝 透白美肌霜,17
焊锡丝,16
烘培刀,16
马鞍垫,16
刹车蹄,16
筹码架,16
纸巾盒/纸巾套,16
传统医用血压计,16
漂移板护边,16
卷发球,16
骑马机,16
车载驱蚊器/灭蚊器,16
6857消毒和灭菌,16
门弹弓,16
15米清洗套装,16
果汁瓶,16
车载儿童增高垫,16
擦拭棒/净化棉签,16
药箱（器械）,16
锹,16
购物车袋/包,16
电动重剑整剑,16
花剑手套,16
软驱,16
宠物链,16
圆号,16
御泥坊 玫瑰滋养洗面奶,16
欧缇丽 葡萄籽亮白精华露,16
珀莱雅 水漾肌密 眼部凝露,16
迪奥 面部密集修护精华红色一号红,16
电瓶/蓄电池安装更换工时,15
黄油枪,15
笔挂,15
电纸书防护包,15
婚庆跪垫,15
床铰链,15
红毛蟹,15
音响线,15
落地镜,15
复合床垫,15
清洗刷,15
搬家纸箱,15
起泡网,15
儿童架子鼓,15
宫颈癌疫苗,15
清洁用品,15
锡纸,15
护腕垫,15
风动密封圈,15
多件套,15
御泥坊 清爽平衡矿物洁面乳,15
德妃 紫苏舒缓保湿乳液,15
温碧泉 3号乳液,15
水密码 净白焕彩洗面奶水,15
优资莱 绿茶芯肌面霜,15
软壳衣裤套装,14
车用除雪铲/除雪工具,14
电动打奶器,14
击剑袜,14
桑拿浴箱配件,14
春节礼盒 ,14
通条,14
擦拭布/抛光布,14
阳台空间定制,14
按摩滚轮,14
靴夹,14
手机屏幕放大器,14
圆锥冲,14
美臀训练器,14
洁牙粉,14
剃须刀收纳包/架/盒,14
单刀片,14
暖宫贴,14
保龄球,14
铁饼,14
水密码 水光亮白透肌水,14
梵洁诗 绿钻公主凝时活颜玉肌冰露,14
雅诗兰黛 果酸焕肤面膜50ML,14
迪奥 花蜜精华水150ml,14
悦诗风吟 森林男士控油平衡凝露,14
御泥坊 清爽平衡矿物爽肤乳,14
场地测量尺,13
激情用具,13
刨片,13
儿童牛仔裙,13
白炽灯,13
行李架横杆,13
箭,13
西兰花/花菜,13
芝士炉/电烤盘,13
掸头,13
牛排机,13
浴罩,13
粘尘纸,13
吹风机防尘袋/罩/架,13
软头笔,13
冰鞋套,13
电台/对讲设备/中继台,13
纸袋纸/杯纸,13
内网安全,13
缝纫配件,13
乒乓球拍,13
大棚保温被/防寒毡,13
迪奥 魅惑丰唇蜜润唇,13
雅诗兰黛 红石榴乳液,13
储能机,12
手柄充电器,12
传真纸,12
挡雨帽,12
双袖型合页,12
宠物垫,12
鸡尾锯,12
罚款代缴服务,12
下辊轴套,12
中央空调单品,12
潜水镜,12
上门搭电/换电瓶/补胎/换胎,12
儿童枕套,12
通用型稳压器,12
自慰杯,12
干手器,12
鱼塘投饵机/投料机,12
马衣,12
阴臀倒模,12
电纸书屏幕贴膜,12
宠物智能穿戴设备,12
智能奶瓶,12
珀莱雅 洗面奶,12
颐莲 红石榴焕颜精华乳,12
欧缇丽 清痘净肤洁面啫喱,12
计分器/翻分牌,11
中央空调套装,11
弹布尔,11
配件礼盒套装,11
瓦楞纸,11
京锣,11
绘图板配件,11
闪存卡转接套,11
电动车/摩托车导航仪,11
SIM 剪卡钳,11
电动车打气筒,11
玩具椅（原婴童）,11
书房空间定制,11
手机智能按键,11
发动机/动力系统部件更换工时,11
矿用变压器,11
暖风模块,11
新鲜莲蓬,11
防雾湿巾,11
温湿度计/室温计,11
早早孕检测试纸(盒),11
车载保温箱,11
电动车定时器,11
岩钉,11
评价器,11
水勒缰(水勒/缰绳/口衔套装),11
欧缇丽 葡萄净痘平衡水,11
丝瓜络玩具,10
回形针座/盒,10
电子书手写笔/电磁笔,10
钢管舞服,10
康佳鼓,10
台球刷,10
扣板吸盘,10
迷你榨汁机,10
空手道手套,10
炭雕（不含挂盘）,10
洁耳器,10
铰链(合页),10
app互动玩具,10
中提琴,10
专业摄影背心,10
保龄球鞋,10
另类玩具,10
消防电话,10
玻璃布胶带,10
男用调情香水,10
牧草种子/种苗,10
PSV屏幕贴膜,10
玖美堂 男士沐浴露,10
迪奥 花蜜活颜丝悦 精华5ml,10
欧缇丽 葡萄籽活性保湿喷雾,10
壁球,9
多功能钳,9
30米清洗套装,9
广告板材,9
花栅栏,9
钢镐,9
试管刷,9
羊眼,9
布艺,9
钣金修复机,9
三国杀,9
扎带,9
洗车卷管器,9
道次墩,9
岛柜,9
火灾显示盘,9
XBOX电源,9
玻璃修复,9
口罩消毒机,9
吸奶机/挤奶机/集乳器,9
美妆消毒器,9
镲锅,9
防紫外线镜,9
电蒸炉,9
沥青胶带,9
男士阴影,9
泌尿生殖,9
烫金纸/电化铝,9
塑料孔塞盖,9
便当袋,9
保暖棉衣裤套装,9
相宜本草 红石榴嫩肤水,9
冰菊 玻尿酸保湿精华乳,9
德妃 紫苏爽肤水200ml,9
穿钉,8
裁剪人台,8
生存包,8
冬不拉,8
瑜伽椅,8
走步机,8
违章代办服务,8
早餐吧,8
汽车烤漆灯,8
尾翼/顶翼安装改装工时,8
新能源汽车充电器/桩,8
汽车太阳能充电板,8
嵌入式微波炉,8
色彩风干器/速干器,8
座充,8
防风镜,8
锨,8
12角长套筒,8
电脑防尘罩,8
中央新风机,8
背夹电源,8
保温桶,8
佩剑剑服,8
汽车除油剂,8
定制杂物柜,8
门辅料,8
冰镐,8
裁判椅,8
修车躺板,8
玻璃,8
一次性防尘罩,8
面霜罐,8
充气泵及修补工具,8
酒店毛巾浴巾,8
奶嘴打孔器,8
御泥坊 水润茶萃微囊滋养乳(老包装),8
任天堂电源,7
橡皮塞/密封塞/反口塞,7
儿童马桶架,7
液压秆,7
席子收纳袋,7
老虎蟹,7
情趣环,7
门鼻,7
信号镜,7
防寒衣/防磨衣,7
充气凳,7
轮眉/灯眉安装改装工时,7
国际避孕套,7
拐杖,7
中青年体检,7
铅线,7
绷带,7
门标配五金件,7
石工斧,7
滑水绳,7
钣金/油漆,7
冲锋舟,7
白板纸,7
儿童软壳裤,7
情趣套,7
儿童吉他,7
滑水鞋,7
轮毂维修,7
儿童口风琴,7
瑜伽服用胸垫,7
电话+电视插座,7
压舌板,7
欧缇丽 沁心玫瑰香氛沐浴露,7
壁球拍,6
工矿鞋,6
跳高杆,6
回路板,6
漫步机,6
粉斗,6
平板电脑数据线,6
墨汁,6
吹风机炫彩贴,6
CD包,6
麻将尺,6
帆船,6
树干保温保湿带,6
绝缘胶布,6
电动车飞轮,6
美胸喷雾,6
定制书架,6
电视高压包,6
药匙/药勺/样品匙,6
冰球球门,6
MP3/MP4连接线,6
视频眼镜,6
果蔬采收筐/周转筐,6
宝宝蒸蛋机/煮蛋器,6
中网/前脸安装改装工时,6
母球定位器,6
赛车帽,6
防胀气装置,6
涤纶绳,6
轮毂修复套件,6
迪奥 花漾甜心小姐女士香水,6
御泥坊 红石榴洁面乳,6
遥控器篮,5
活页胶圈,5
工业防锈纸,5
上门刹车油/刹车片/刹车盘更换,5
朝鲜舞鞋,5
遮雪挡,5
洗车地格栅,5
车顶储物包,5
车载儿童坐垫,5
移动试衣间,5
隔尿裙,5
儿童牛仔衬衫,5
电工锤,5
绿板,5
电视罩,5
儿童床笠/床罩,5
羊毛球,5
家用热水系统,5
多功能空气质量检测仪,5
排卵检测试纸(盒),5
训练佩剑整剑,5
重剑剑服,5
电动车撑伞架,5
铁饼链球插牌,5
冰锥,5
MP3/MP4充电器,5
加速器,5
平砂板,5
舟山锣,5
记忆棉床垫,5
绣花机,5
switch钢化膜,5
椰子壳,5
焗油碗,5
梵洁诗 绿茶原液精华莹肌高能化妆水 新版,5
屏幕,4
上辊轴套,4
安全气囊/气囊电脑,4
打泡器,4
空降包,4
足浴养生泡脚盆（器械）,4
汽车玻璃/前挡/后挡/侧窗,4
电竞太空舱,4
耳机线夹,4
绝缘纸,4
工频不间断电源,4
挂烫机防尘罩,4
划线盘,4
钳形电流互感器,4
可乐球,4
车顶灯,4
商用水饮设备配件,4
铜书板,4
补胎,4
烟刀,4
电视卡/电视盒,4
外饰改装套件,4
轮胎/轮毂更换改装工时,4
XBOX硬盘盒,4
转椅五星脚,4
毛丹/毛荔枝,4
点读机/点读笔配件,4
吸顶式消防广播音箱,3
葫芦笙,3
标示贴,3
厨房空间套餐,3
传真服务器,3
蓝牙检测仪,3
记忆卡,3
防酸碱工作服,3
脂肪测量仪（器械）,3
箭靶,3
深孔板,3
鼻罩,3
佩剑面罩,3
可收纳情趣家具,3
防滑垫,3
6812妇产科,3
情趣文胸/情趣内衣套装,3
冲浪板背袋,3
情趣胸部用品,3
小腿拉伸训练器/拉筋训练器,3
班卓琴,3
铅球架,3
脏衣篓,3
足球鞋钉,3
废油抽接机,3
防护条,3
大棚增温块,3
固定翼飞机,3
岩石塞,3
蜡块,3
专用型稳压器,3
广告自行车,3
负载均衡,3
挑边器,3
车载电子烟配件,3
芭蕾舞护腿袜/护具,3
御泥坊 红酒透亮矿物养肤水,3
干身器,2
眼胶,2
电话防尘罩,2
自慰软胶,2
自慰蛋,2
AV线,2
螺旋气管/取气管/接头,2
Lomo潜水盒,2
车载儿童颈枕/腰靠,2
抗病毒类,2
牛油纸,2
移动冰箱,2
椰胡,2
女用穿戴,2
德国心脏病,2
溶质,2
记忆棒,2
嗒嗒球/球拍,2
前胸带/低头革,2
尿素喷嘴,2
刹车气管/接头,2
垃圾桶罩,2
场地自行车,2
投币电话/磁卡电话,2
智慧白板,2
排球战术板,2
马笼套,2
电焊口罩,2
尿素滤芯,2
宠物安全扣,2
防溅球/缓冲球,2
中药柜,2
摄影梯,2
防锈纸,2
御泥坊 小蓝瓶深补水弹润乳,2
梵洁诗 蓝钻水肌源,2
AHC 黄金水,2
韩美肌 素颜霜懒人霜,2
旅行险（新）,1
行李柜,1
创意泥人,1
创意风筝,1
场馆音响设备,1
冲浪机,1
MP4屏幕保护膜,1
定制博古柜,1
大型情趣家具,1
智能耳机,1
交车蝴蝶结,1
帷幔装饰,1
线号签/线号贴,1
男式情趣内裤,1
花格,1
新车定金(经销商),1
桶装水支架,1
消毒家电配件,1
直升飞机,1
倒车后视/雷达安装工时,1
农用剪,1
内饰套餐,1
泵瓶,1
感温探头,1
保龄球包,1
水果保鲜柜,1
气电混合灶具,1
木桶包装,1
多功能餐吧柜,1
运动类活动/赛事,1
重剑手套,1
交通反光背心,1
斜躺自行车,1
精油量杯,1
发动机皮带/链条更换工时,1
车顶花/玩偶,1
医用放大镜,1
一次性防护帽,1
帆板,1
健康秤（器械）,1
精油搅拌棒,1
男用穿戴,1
定制洗手柜,1
AHC 黄金面霜,1
迪奥 修护精华7ml 修复精华露,1
梵洁诗 绿钻凝时清润玉肌洁面乳,1
御泥坊 黑玫瑰款物柔肤水,1
